TOK,SHOT,TIME,PHASE,PGASA,RGEO,AMIN,KAPPA,SPLASMA,CONFIG,IGRADB,WALMAT,DIVMAT,LIMMAT,EVAP,BT,IP,Q95,NEL,ZEFF,DIVNAME,PL,PLTH,PFLOSS,PRADCORE,DIVCON,FRACNMIN,LHTIME,AUXHEAT,SELEC2024
CMOD,1050428004,0.63461, LH,2.0000,0.672389,0.216421,1.69737,7.42158, SN,1, MO, MO, MO,,5.33923,931812,4.26029,1.97E+20,1.0882, DIVNOSE,2289520,2289520,0,0, VERTPLT,-1.00E-08,0.63561,IC,1
CMOD,1050428007,0.66603, LH,2.0000,0.670773,0.21766,1.67073,7.36968, SN,1, MO, MO, MO,,5.35375,655357,5.8966,1.33E+20,1.2562, DIVNOSE,1165300,1165300,0,0, VERTPLT,-1.00E-08,0.66703,IC,0
CMOD,1050621015,0.91039, LH,2.0000,0.672785,0.217388,1.67962,7.37796, SN,1, MO, MO, MO,,5.32586,634247,6.19549,1.89E+20,1.0084, DIVNOSE,1424930,1424930,0,0, VERTPLT,-1.00E-08,0.91139,IC,1
CMOD,1050621029,0.8542, LH,2.0000,0.670869,0.21708,1.69789,7.43647, SN,1, MO, MO, MO,,5.33346,1030660,3.86097,1.62E+20,1.0947, DIVNOSE,1372730,1372730,0,0, VERTPLT,-1.00E-08,0.8552,IC,1
CMOD,1050623008,0.8007, LH,2.0000,0.678764,0.21369,1.44202,6.70529, SN,1, MO, MO, MO,,5.2651,681653,4.40365,2.20E+20,1.0852, DIVNOSE,1791100,1791100,0,0, VERTPLT,-1.00E-08,0.8017,IC,1
CMOD,1050623010,0.77989, LH,2.0000,0.678854,0.212484,1.46058,6.70899, SN,1, MO, MO, MO,,5.26576,660100,4.56874,2.15E+20,1.0874, DIVNOSE,1811590,1811590,0,0, VERTPLT,-1.00E-08,0.78089,IC,1
CMOD,1070531007,0.67546, LH,2.0000,0.672935,0.221497,1.66874,7.52052, SN,1, MO, MO, MO,,5.34589,1229210,3.29551,1.35E+20,1.7567, DIVNOSE,1706440,1706440,0,0, VERTPLT,-1.00E-08,0.67646,IC,0
CMOD,1070531008,0.74949, LH,2.0000,0.671522,0.221714,1.66272,7.49848, SN,1, MO, MO, MO,,5.35783,1233820,3.25275,1.37E+20,2.4536, DIVNOSE,1727060,1727060,0,0, VERTPLT,-1.00E-08,0.75049,IC,0
CMOD,1070531009,0.72883, LH,2.0000,0.671826,0.221789,1.65927,7.48882, SN,1, MO, MO, MO,,5.35684,1226990,3.27273,1.58E+20,1.7398, DIVNOSE,1892190,1892190,0,0, VERTPLT,-1.00E-08,0.72983,IC,1
CMOD,1070531011,0.76992, LH,2.0000,0.671443,0.221719,1.66356,7.49385, SN,1, MO, MO, MO,,5.35668,1226030,3.29079,2.01E+20,1.7251, DIVNOSE,2089660,2089660,0,0, VERTPLT,-1.00E-08,0.77092,IC,1
CMOD,1070531012,0.92365, LH,2.0000,0.671612,0.221414,1.65454,7.44889, SN,1, MO, MO, MO,,5.35657,1022780,3.89868,1.68E+20,1.634, DIVNOSE,2030680,2030680,0,0, VERTPLT,-1.00E-08,0.92465,IC,1
CMOD,1070531014,0.96946, LH,2.0000,0.672094,0.221942,1.65451,7.47147, SN,1, MO, MO, MO,,5.35874,1028650,3.91753,1.86E+20,1.5642, DIVNOSE,2318830,2318830,0,0, VERTPLT,-1.00E-08,0.97046,IC,1
CMOD,1070531018,0.70784, LH,2.0000,0.672825,0.223853,1.60951,7.39478, SN,1, MO, MO, MO,,5.3487,637429,6.09529,1.60E+20,1.6067, DIVNOSE,1712050,1712050,0,0, VERTPLT,-1.00E-08,0.70884,IC,1
CMOD,1070531021,0.76827, LH,2.0000,0.671601,0.222079,1.65725,7.48389, SN,1, MO, MO, MO,,5.35562,1229520,3.28311,2.16E+20,1.1087, DIVNOSE,2781670,2781670,0,0, VERTPLT,-1.00E-08,0.76927,IC,1
CMOD,1070531027,0.9628, LH,2.0000,0.671761,0.222097,1.64596,7.44886, SN,1, MO, MO, MO,,5.35793,1026050,3.88035,1.83E+20,1.3942, DIVNOSE,2215620,2215620,0,0, VERTPLT,-1.00E-08,0.9638,IC,1
CMOD,1070605011,0.75775, LH,2.0000,0.672026,0.221362,1.63511,7.38519, SN,1, MO, MO, MO,,5.35904,827141,4.71474,2.22E+20,1.5043, DIVNOSE,2249730,2249730,0,0, VERTPLT,-1.00E-08,0.75875,IC,1
CMOD,1070605012,0.75452, LH,2.0000,0.672185,0.221477,1.63436,7.38804, SN,1, MO, MO, MO,,5.56958,826871,4.89039,2.08E+20,1.5716, DIVNOSE,2378710,2378710,0,0, VERTPLT,-1.00E-08,0.75552,IC,1
CMOD,1070612006,0.72904, LH,2.0000,0.670728,0.219718,1.66278,7.41482, SN,1, MO, MO, MO,,5.35564,1022140,3.85849,1.58E+20,1.8285, DIVNOSE,2618350,2618350,0,0, VERTPLT,-1.00E-08,0.73004,IC,1
CMOD,1070807004,0.83629, LH,2.0000,0.669138,0.219855,1.66154,7.39822, SN,1, MO, MO, MO,,5.32791,928247,4.25055,1.07E+20,1.9306, DIVNOSE,1792650,1792650,0,0, VERTPLT,-1.00E-08,0.83729,IC,0
CMOD,1070807005,0.60609, LH,2.0000,0.66956,0.218653,1.67267,7.38472, SN,1, MO, MO, MO,,5.31667,930871,4.20545,9.00E+19,2.2028, DIVNOSE,1605380,1605380,0,0, VERTPLT,-1.00E-08,0.60709,IC,0
CMOD,1070807008,1.24612, LH,2.0000,0.671475,0.219551,1.66723,7.41195, SN,1, MO, MO, MO,,5.31655,917023,4.29252,7.00E+19,3.2513, DIVNOSE,2740390,2740390,0,0, VERTPLT,-1.00E-08,1.24712,IC,0
CMOD,1070807016,0.77369, LH,2.0000,0.669363,0.219659,1.642,7.33949, SN,1, MO, MO, MO,,5.32651,639051,5.97328,1.03E+20,2.7463, DIVNOSE,1451250,1451250,0,0, VERTPLT,-1.00E-08,0.77469,IC,0
CMOD,1070807017,1.15264, LH,2.0000,0.672299,0.221904,1.63771,7.39123, SN,1, MO, MO, MO,,5.30721,627814,6.26689,8.58E+19,2.6232, DIVNOSE,2008320,2008320,0,0, VERTPLT,-1.00E-08,1.15364,IC,0
CMOD,1070807024,0.60588, LH,2.0000,0.668664,0.218293,1.69214,7.44136, SN,1, MO, MO, MO,,5.33044,1213280,3.29492,1.34E+20,2.1086, DIVNOSE,2142450,2142450,0,0, VERTPLT,-1.00E-08,0.60688,IC,0
CMOD,1070807025,0.54319, LH,2.0000,0.669867,0.219369,1.66266,7.38167, SN,1, MO, MO, MO,,5.31551,1176890,3.31747,1.16E+20,1.9211, DIVNOSE,1748760,1748760,0,0, VERTPLT,-1.00E-08,0.54419,IC,0
CMOD,1070807026,0.7801, LH,2.0000,0.6691,0.219658,1.67887,7.44298, SN,1, MO, MO, MO,,5.32718,1220690,3.27241,8.76E+19,3.0275, DIVNOSE,2868760,2868760,0,0, VERTPLT,-1.00E-08,0.7811,IC,0
CMOD,1070807030,0.6601, LH,2.0000,0.67036,0.221281,1.62271,7.33907, SN,1, MO, MO, MO,,5.32185,647968,5.81987,1.19E+20,1.8697, DIVNOSE,1271140,1271140,0,0, VERTPLT,-1.00E-08,0.6611,IC,0
CMOD,1070829008,0.73188, LH,2.0000,0.672313,0.225607,1.6927,7.67514, SN,1, MO, MO, MO,,5.28058,1367090,3.16448,2.26E+20,0.9683, DIVNOSE,4149870,4149870,0,0, VERTPLT,-1.00E-08,0.73288,IC,1
CMOD,1070829028,0.8132, LH,2.0000,0.670685,0.223578,1.80285,7.86192, SN,1, MO, MO, MO,,5.29585,1355350,3.34582,2.14E+20,1.2021, DIVNOSE,3742850,3742850,0,0, VERTPLT,-1.00E-08,0.8142,IC,1
CMOD,1070829029,0.8415, LH,2.0000,0.670394,0.223945,1.82936,7.93509, SN,1, MO, MO, MO,,5.29771,1353890,3.32163,2.31E+20,1.2312, DIVNOSE,3745500,3745500,0,0, VERTPLT,-1.00E-08,0.8425,IC,1
CMOD,1070830002,0.8939, LH,2.0000,0.671891,0.222505,1.63562,7.42591, SN,1, MO, MO, MO,,5.29287,831740,4.685,1.53E+20,1.2508, DIVNOSE,1476520,1476520,0,0, VERTPLT,-1.00E-08,0.8949,IC,1
CMOD,1070830003,0.58993, LH,2.0000,0.671296,0.22283,1.63831,7.44377, SN,1, MO, MO, MO,,5.28833,852388,4.58863,1.49E+20,1.2864, DIVNOSE,1575910,1575910,0,0, VERTPLT,-1.00E-08,0.59093,IC,1
CMOD,1070830004,0.77199, LH,2.0000,0.671898,0.222582,1.63188,7.41463, SN,1, MO, MO, MO,,5.32272,830353,4.70132,1.52E+20,1.2801, DIVNOSE,1367210,1367210,0,0, VERTPLT,-1.00E-08,0.77299,IC,1
CMOD,1070830005,1.04129, LH,2.0000,0.672961,0.222098,1.63983,7.4128, SN,1, MO, MO, MO,,5.32093,817201,4.85221,1.87E+20,1.1533, DIVNOSE,1597630,1597630,0,0, VERTPLT,-1.00E-08,1.04229,IC,1
CMOD,1070830006,0.92614, LH,2.0000,0.6724,0.222105,1.63917,7.42148, SN,1, MO, MO, MO,,5.31901,827374,4.78698,1.64E+20,1.3205, DIVNOSE,1544270,1544270,0,0, VERTPLT,-1.00E-08,0.92714,IC,1
CMOD,1070830017,1.09778, LH,2.0000,0.671955,0.222747,1.62883,7.41438, SN,1, MO, MO, MO,,5.32232,822898,4.70326,1.32E+20,1.4837, DIVNOSE,1306990,1306990,0,0, VERTPLT,-1.00E-08,1.09878,IC,0
CMOD,1070830022,0.5695, LH,2.0000,0.672655,0.222355,1.61478,7.36101, SN,1, MO, MO, MO,,5.28213,1006990,3.89073,1.87E+20,1.4141, DIVNOSE,2975910,2975910,0,0, VERTPLT,-1.00E-08,0.5705,IC,1
CMOD,1080430015,1.02479, LH,2.0000,0.67017,0.21808,1.66702,7.36226, SN,1, MO, MO, MO,,5.37941,1018770,3.88328,1.18E+20,1.5656, DIVNOSE,2071910,2071910,0,0, VERTPLT,-1.00E-08,1.02579,IC,0
CMOD,1080430016,1.05725, LH,2.0000,0.670318,0.21859,1.66603,7.3737, SN,1, MO, MO, MO,,5.3735,1011530,3.9384,9.08E+19,2.157, DIVNOSE,2240750,2240750,0,0, VERTPLT,-1.00E-08,1.05825,IC,0
CMOD,1080430017,1.26161, LH,2.0000,0.670141,0.217866,1.70086,7.43782, SN,1, MO, MO, MO,,5.37051,1004170,4.09346,7.86E+19,2.8306, DIVNOSE,2514110,2514110,0,0, VERTPLT,-1.00E-08,1.26261,IC,0
CMOD,1080523018,0.68261, LH,2.0000,0.672789,0.216914,1.66945,7.261, SN,1, MO, MO, MO,,5.33788,642539,6.03848,1.41E+20,0.8828, DIVNOSE,1671100,1671100,0,0, VERTPLT,-1.00E-08,0.68361,IC,1
CMOD,1080523020,0.67841, LH,2.0000,0.673089,0.21502,1.67798,7.23578, SN,1, MO, MO, MO,,5.34046,641192,5.95781,1.40E+20,1.6754, DIVNOSE,1613830,1613830,0,0, VERTPLT,-1.00E-08,0.67941,IC,1
CMOD,1090821031,0.78172, LH,2.0000,0.670105,0.218855,1.57351,7.0957, SN,1, MO, MO, MO,,5.41274,1034140,3.582,1.74E+20,1.4613, DIVNOSE,1960720,1960720,0,0, VERTPLT,-1.00E-08,0.78272,IC,1
CMOD,1090824021,0.90115, LH,2.0000,0.672324,0.220442,1.50329,6.98202, SN,1, MO, MO, MO,,5.38481,1044690,3.28631,1.91E+20,1.3204, DIVNOSE,2514830,2514830,0,0, VERTPLT,-1.00E-08,0.90215,IC,1
CMOD,1090828007,0.79642, LH,2.0000,0.672062,0.222959,1.67782,7.59199, SN,1, MO, MO, MO,,5.38776,1032870,3.95947,1.73E+20,1.9139, DIVNOSE,2234960,2234960,0,0, VERTPLT,-1.00E-08,0.79742,IC,1
CMOD,1091021021,0.7383, LH,2.0000,0.671946,0.217983,1.65236,7.28322, SN,1, MO, MO, MO,,5.31507,1036510,3.50505,2.09E+20,1.5165, DIVNOSE,2383600,2383600,0,0, VERTPLT,-1.00E-08,0.7393,IC,1
CMOD,1091021024,0.69885, LH,2.0000,0.671875,0.217173,1.63949,7.22898, SN,1, MO, MO, MO,,5.32048,1042590,3.44323,2.05E+20,1.6486, DIVNOSE,2713400,2713400,0,0, VERTPLT,-1.00E-08,0.69985,IC,1
CMOD,1091021028,0.7182, LH,2.0000,0.67256,0.217786,1.63516,7.24346, SN,1, MO, MO, MO,,5.31236,1041550,3.44117,2.30E+20,1.6881, DIVNOSE,2453440,2453440,0,0, VERTPLT,-1.00E-08,0.7192,IC,1
CMOD,1091021032,0.68516, LH,2.0000,0.672201,0.216344,1.64217,7.21931, SN,1, MO, MO, MO,,5.31843,1045330,3.42547,2.04E+20,1.5027, DIVNOSE,2460930,2460930,0,0, VERTPLT,-1.00E-08,0.68616,IC,1
CMOD,1091022023,0.96293, LH,2.0000,0.67183,0.216946,1.63726,7.2119, SN,1, MO, MO, MO,,5.31857,1128370,3.15429,2.25E+20,1.5376, DIVNOSE,2865720,2865720,0,0, VERTPLT,-1.00E-08,0.96393,IC,1
CMOD,1110114001,1.26014, LH,2.0000,0.674417,0.221012,1.57848,7.23949, SN,1, MO, MO, MO,,5.12731,1026560,3.34909,8.76E+19,2.5121, DIVNOSE,2053410,2053410,0,0, VERTPLT,-1.00E-08,1.26114,IC,0
CMOD,1110114025,0.8796, LH,2.0000,0.674161,0.221773,1.5635,7.22975, SN,1, MO, MO, MO,,5.16021,1035190,3.33579,9.19E+19,1.7243, DIVNOSE,1762270,1762270,0,0, VERTPLT,-1.00E-08,0.8806,IC,0
 CMOD,1160708012,0.64893, LH,2.0000,0.671727,0.220459,1.63652,7.37954, SN,1, MO, MO, MO,,7.6632,910509,5.92183,1.66E+20,0, DIVNOSE,1875480,1875480,0,, VERTPLT,,0.64993,IC,1
 CMOD,1160708012,0.69019, LH,2.0000,0.671592,0.220922,1.63925,7.40119, SN,1, MO, MO, MO,,7.66494,906330,5.95362,1.66E+20,0, DIVNOSE,1864850,1864850,0,, VERTPLT,,0.69119,IC,1
 CMOD,1160708013,0.6335, LH,2.0000,0.672773,0.221423,1.63109,7.40619, SN,1, MO, MO, MO,,7.65074,907878,5.93469,1.58E+20,0, DIVNOSE,1601640,1601640,0,, VERTPLT,,0.6345,IC,1
 CMOD,1160708015,0.64595, LH,2.0000,0.672136,0.221755,1.59548,7.31869, SN,1, MO, MO, MO,,7.66318,904052,5.75076,1.63E+20,0, DIVNOSE,1597100,1597100,0,, VERTPLT,,0.64695,IC,1
 CMOD,1160708016,0.62674, LH,2.0000,0.672691,0.221998,1.58707,7.31236, SN,1, MO, MO, MO,,7.65066,901707,5.67423,1.43E+20,0, DIVNOSE,1459490,1459490,0,, VERTPLT,,0.62774,IC,1
 CMOD,1160708016,1.25456, LH,2.0000,0.672381,0.222652,1.58017,7.32028, SN,1, MO, MO, MO,,7.63783,894876,5.54639,1.61E+20,0, DIVNOSE,1987460,1987460,0,, VERTPLT,,1.25556,IC,1
 CMOD,1160708017,0.62408, LH,2.0000,0.673141,0.222551,1.58367,7.32458, SN,1, MO, MO, MO,,7.6424,898553,5.69555,1.54E+20,0, DIVNOSE,1506780,1506780,0,, VERTPLT,,0.62508,IC,1
 CMOD,1160708018,0.62256, LH,2.0000,0.673205,0.222405,1.58944,7.33553, SN,1, MO, MO, MO,,7.64736,982427,5.25001,1.73E+20,0, DIVNOSE,1498380,1498380,0,, VERTPLT,,0.62356,IC,1
 CMOD,1160708019,0.63625, LH,2.0000,0.672817,0.222155,1.59912,7.34725, SN,1, MO, MO, MO,,7.64851,987261,5.28578,1.81E+20,0, DIVNOSE,1597590,1597590,0,, VERTPLT,,0.63725,IC,1
 CMOD,1160708020,0.74381, LH,2.0000,0.671324,0.220848,1.60846,7.32003, SN,1, MO, MO, MO,,7.65981,1195070,4.39009,2.03E+20,0, DIVNOSE,2689410,2689410,0,, VERTPLT,,0.74481,IC,1
 CMOD,1160708024,0.62585, LH,2.0000,0.672469,0.221705,1.62417,7.39641, SN,1, MO, MO, MO,,7.65196,1169690,4.62208,2.02E+20,0, DIVNOSE,2160860,2160860,0,, VERTPLT,,0.62685,IC,1
 CMOD,1160713011,1.16885, LH,2.0000,0.674534,0.221154,1.55078,7.18228, SN,1, MO, MO, MO,,7.59676,903217,5.27819,1.56E+20,0, DIVNOSE,1513590,1513590,0,, VERTPLT,,1.16985,IC,1
 CMOD,1160715009,0.8274, LH,2.0000,0.671863,0.221781,1.58382,7.28511, SN,1, MO, MO, MO,,7.67306,1187740,4.34538,2.36E+20,0, DIVNOSE,2617260,2617260,0,, VERTPLT,,0.8284,IC,1
 CMOD,1160721015,0.62119, LH,2.0000,0.673304,0.222311,1.61811,7.40502, SN,1, MO, MO, MO,,7.64636,1164610,4.63096,1.96E+20,0, DIVNOSE,2135850,2135850,0,, VERTPLT,,0.62219,IC,1
 CMOD,1160721016,0.63052, LH,2.0000,0.673183,0.222481,1.61264,7.39645, SN,1, MO, MO, MO,,7.65857,1171790,4.57822,1.56E+20,0, DIVNOSE,1892370,1892370,0,, VERTPLT,,0.63152,IC,1
 CMOD,1160721017,0.63092, LH,2.0000,0.673042,0.222437,1.61664,7.40469, SN,1, MO, MO, MO,,7.65245,1173040,4.59215,1.58E+20,0, DIVNOSE,1800630,1800630,0,, VERTPLT,,0.63192,IC,1
 CMOD,1160721018,0.70134, LH,2.0000,0.671652,0.222698,1.608,7.37722, SN,1, MO, MO, MO,,7.66757,1190420,4.50353,1.58E+20,0, DIVNOSE,1723500,1723500,0,, VERTPLT,,0.70234,IC,1
 CMOD,1160721018,0.68521, LH,2.0000,0.671919,0.222926,1.6066,7.3834, SN,1, MO, MO, MO,,7.66283,1187390,4.50074,1.55E+20,0, DIVNOSE,1820130,1820130,0,, VERTPLT,,0.68621,IC,1
 CMOD,1160721019,0.93455, LH,2.0000,0.672485,0.22243,1.55555,7.24262, SN,1, MO, MO, MO,,7.65845,1189970,4.22681,2.05E+20,0, DIVNOSE,2706740,2706740,0,, VERTPLT,,0.93555,IC,1
 CMOD,1160721021,0.67326, LH,2.0000,0.673392,0.224576,1.61489,7.45456, SN,1, MO, MO, MO,,7.65129,1366480,4.07889,1.85E+20,0, DIVNOSE,2350710,2350710,0,, VERTPLT,,0.67426,IC,1
 CMOD,1160721022,0.65279, LH,2.0000,0.673511,0.223475,1.62044,7.43503, SN,1, MO, MO, MO,,7.64479,1327730,4.19148,2.27E+20,0, DIVNOSE,1832510,1832510,0,, VERTPLT,,0.65379,IC,1
 CMOD,1160729008,0.64675, LH,2.0000,0.672656,0.222298,1.63227,7.43009, SN,1, MO, MO, MO,,7.65561,1383640,4.01726,2.48E+20,0, DIVNOSE,2006420,2006420,0,, VERTPLT,,0.64775,IC,1
 CMOD,1160930020,1.02825, LH,2.0000,0.672533,0.220828,1.67699,7.45985, SN,1, MO, MO, MO,,7.61872,1491210,3.83037,2.37E+20,0, DIVNOSE,3197490,3197490,0,, VERTPLT,,1.02925,IC,1
 CMOD,1160930021,1.0059, LH,2.0000,0.67258,0.220757,1.68837,7.48463, SN,1, MO, MO, MO,,7.61581,1687550,3.42755,2.47E+20,0, DIVNOSE,3235900,3235900,0,, VERTPLT,,1.0069,IC,1
 CMOD,1160930022,1.05059, LH,2.0000,0.673052,0.221218,1.67723,7.47263, SN,1, MO, MO, MO,,7.60701,1778690,3.23711,2.87E+20,0, DIVNOSE,3964420,3964420,0,, VERTPLT,,1.05159,IC,1
AUG,23250,1.57,LH,2.0000,1.621,0.5176,1.752,44.56,SN(L),1,W,W,W,BOR,-2.883,1004000,5,4.50E+19,0,DIV-IIc,1685000,1660000,0,457100,STANDARD,1.12425,1.579,EC,1
AUG,23251,1.599,LH,2.0000,1.619,0.5191,1.748,44.57,SN(L),1,W,W,W,BOR,-2.882,1003000,5.037,4.56E+19,0,DIV-IIc,1710000,1650000,0,691700,STANDARD,1.14,1.607,EC,1
AUG,23252,1.809,LHST,2.0000,1.614,0.5245,1.741,44.7,SN(L),1,W,W,W,BOR,-2.883,998700,5.154,4.77E+19,0,DIV-IIc,657400,1300000,0,713200,STANDARD,1.1925,1.818,NONE,1
AUG,23268,1.919,LH,2.0000,1.607,0.5312,1.711,44.46,SN(L),1,W,W,W,BOR,-2.292,1000000,4.085,1.97E+19,0,DIV-IIc,2235000,2250000,0,625500,STANDARD,0.49125,1.929,EC,0
AUG,23268,2.05,LHST,2.0000,1.608,0.5304,1.709,44.4,SN(L),1,W,W,W,BOR,-2.292,999700,4.062,1.96E+19,0,DIV-IIc,2228000,2250000,0,672500,STANDARD,0.49,1.929,EC,0
AUG,23272,3.19,LH,2.0000,1.617,0.5315,1.7,44.58,SN(L),1,W,W,W,BOR,-2.293,999600,4.018,3.30E+19,0,DIV-IIc,1457000,1420000,0,414000,STANDARD,0.826,3.2,EC,0
AUG,23365,1.839,LH,2.0000,1.624,0.525,1.713,44.57,SN(L),1,W,W,W,BOR,-2.281,1002000,3.89,2.06E+19,0,DIV-IIc,1879000,1960000,0,515200,STANDARD,0.5155,1.847,EC,0
AUG,23366,3.14,LH,2.0000,1.621,0.5278,1.71,44.62,SN(L),1,W,W,W,BOR,-2.252,1000000,3.883,2.17E+19,0,DIV-IIc,1997000,2100000,0,644700,STANDARD,0.5425,3.151,EC,0
AUG,23366,3.625,LHST,2.0000,1.622,0.5265,1.716,44.65,SN(L),1,W,W,W,BOR,-2.252,999400,3.886,2.43E+19,0,DIV-IIc,1679000,1680000,3270,427000,STANDARD,0.60825,3.151,NBEC,0
AUG,23367,2.827,LH,2.0000,1.628,0.5282,1.71,44.86,SN(L),1,W,W,W,BOR,-2.282,1002000,3.902,2.12E+19,0,DIV-IIc,1940000,2020000,0,624700,STANDARD,0.531,2.834,EC,0
AUG,23368,2.425,LHLHST,2.0000,1.627,0.524,1.722,44.71,SN(L),1,W,W,W,BOR,-2.285,998600,3.922,3.12E+19,0,DIV-IIc,1447000,1443000,1939,357400,STANDARD,0.78,2.815,NBEC,0
AUG,23368,2.815,LH,2.0000,1.633,0.5242,1.721,44.87,SN(L),1,W,W,W,BOR,-2.285,1000000,3.892,3.15E+19,0,DIV-IIc,1559000,1600000,0,381600,STANDARD,0.7865,2.815,EC,0
AUG,23758,1.505,LH,2.0000,1.634,0.5162,1.726,44.41,SN(L),1,W,W,W,BOR,-2.283,1000000,3.777,4.12E+19,0,DIV-IIc,1379000,1500000,32070,0,STANDARD,1.03025,1.506,NBEC,1
AUG,23760,1.558,LH,2.0000,1.631,0.5181,1.722,44.4,SN(L),1,W,W,W,BOR,-2.284,998700,3.809,4.04E+19,0,DIV-IIc,1177000,1300000,0,0,STANDARD,1.00875,1.568,EC,1
AUG,23761,2.09,LH,2.0000,1.628,0.521,1.733,44.72,SN(L),1,W,W,W,BOR,-2.283,999800,3.926,5.71E+19,0,DIV-IIc,1369000,1600000,32820,0,STANDARD,1.42675,2.104,NBEC,1
AUG,23762,2.098,LH,2.0000,1.628,0.5205,1.734,44.72,SN(L),1,W,W,W,BOR,-2.283,998300,3.926,5.66E+19,0,DIV-IIc,1425000,1560000,0,0,STANDARD,1.414,2.108,EC,1
AUG,23763,2.735,LH,2.0000,1.628,0.5225,1.732,44.84,SN(L),1,W,W,W,BOR,-2.282,998900,3.952,6.79E+19,0,DIV-IIc,2064000,2250000,0,0,STANDARD,1.697,2.745,EC,1
AUG,23764,2.105,LH,2.0000,1.628,0.5215,1.731,44.73,SN(L),1,W,W,W,BOR,-2.283,998900,3.921,4.90E+19,0,DIV-IIc,1350000,1420000,28040,0,STANDARD,1.22375,2.117,NBEC,1
AUG,23795,1.81,LH,2.0000,1.617,0.5241,1.723,44.45,SN(L),1,W,W,W,BOR,-2.486,999700,4.323,4.85E+19,0,DIV-IIc,1234000,1250000,69390,0,STANDARD,1.21275,1.82,NBEC,1
AUG,23798,1.81,LH,2.0000,1.617,0.5242,1.723,44.44,SN(L),1,W,W,W,BOR,-2.487,999600,4.325,4.86E+19,0,DIV-IIc,1278000,1300000,69530,0,STANDARD,1.21475,1.82,NBEC,1
AUG,24095,2.296,LH,2.0000,1.63,0.5092,1.808,45.07,SN(L),1,W,W,W,BOR,-2.341,1007000,4.116,4.97E+19,0,DIV-IIc,1737000,1660000,92840,0,STANDARD,1.243,2.302,NB,1
AUG,24096,2.416,LH,2.0000,1.629,0.5093,1.796,44.82,SN(L),1,W,W,W,BOR,-2.34,998000,4.124,5.20E+19,0,DIV-IIc,1886000,1780000,119700,0,STANDARD,1.29975,2.426,NB,1
AUG,24098,2.095,LH,2.0000,1.626,0.5127,1.786,44.88,SN(L),1,W,W,W,BOR,-2.341,998300,4.145,4.62E+19,0,DIV-IIc,1692000,1600000,30090,0,STANDARD,1.15525,2.105,NBEC,1
AUG,24573,2.871,LH,2.0000,1.623,0.5267,1.726,44.82,SN(L),1,W,W,W,BOR,-2.337,998200,4.062,2.33E+19,0,DIV-IIc,1915000,1900000,0,0,STANDARD,0.5815,2.877,EC,0
AUG,25744,2.42,LH,2.0000,1.664,0.4999,1.751,44.34,SN(L),1,W,W,W,BOR,-2.34,994500,3.614,4.94E+19,0,DIV-IIc,1349000,1400000,0,687300,STANDARD,1.23525,2.425,EC,1
AUG,26278,2.379,LH,2.0000,1.613,0.5147,1.685,42.79,SN(L),1,W,W,W,BOR,-2.492,799900,5.01,2.10E+19,0,DIV-IId,1503000,1340000,0,584200,STANDARD,0.599714286,2.382,EC,0
AUG,26279,1.882,LH,2.0000,1.616,0.5116,1.697,42.82,SN(L),1,W,W,W,BOR,-2.493,799400,5.006,2.14E+19,0,DIV-IId,1066000,1400000,0,509900,STANDARD,0.612,1.884,EC,0
AUG,26279,4.351,LH,2.0000,1.613,0.5148,1.684,42.79,SN(L),1,W,W,W,BOR,-2.491,798700,4.995,2.74E+19,0,DIV-IId,794500,970000,125900,444400,STANDARD,0.784,4.353,NBEC,0
AUG,26317,1.223,LH,2.0000,1.61,0.5198,1.761,44.47,SN(L),1,W,W,W,BOR,-2.484,800800,5.56,1.90E+19,0,DIV-IId,1490000,1590000,0,589200,STANDARD,0.542,1.226,ECIC,0
AUG,26318,1.212,LH,2.0000,1.614,0.5193,1.762,44.59,SN(L),1,W,W,W,BOR,-2.486,800300,5.541,1.98E+19,0,DIV-IId,1350000,1450000,0,451300,STANDARD,0.564285714,1.215,ECIC,0
AUG,26319,1.238,LH,2.0000,1.613,0.5211,1.756,44.63,SN(L),1,W,W,W,BOR,-2.487,800800,5.543,2.22E+19,0,DIV-IId,1190000,1270000,0,337700,STANDARD,0.632857143,1.241,IC,0
AUG,26320,1.257,LH,2.0000,1.612,0.522,1.754,44.62,SN(L),1,W,W,W,BOR,-2.484,800000,5.568,2.32E+19,0,DIV-IId,1217000,1230000,0,349300,STANDARD,0.662571429,1.259,IC,0
AUG,26322,1.264,LH,2.0000,1.611,0.5215,1.757,44.62,SN(L),1,W,W,W,BOR,-2.629,800500,5.892,2.30E+19,0,DIV-IId,1261000,1300000,0,0,STANDARD,0.656,1.268,IC,0
AUG,26328,1.596,LH,2.0000,1.617,0.5299,1.729,45.01,SN(L),1,W,W,W,BOR,-2.49,998100,4.49,5.40E+19,0,DIV-IId,1839000,1630000,91950,566900,STANDARD,1.351,1.606,NB,1
AUG,26357,2.84,LH,2.0000,1.629,0.5325,1.649,43.93,SN(L),1,W,W,W,BOR,-2.326,998100,3.835,1.67E+19,0,DIV-IId,2125000,2300000,0,1067000,STANDARD,0.418,2.85,EC,0
AUG,26358,1.208,LH,2.0000,1.634,0.4928,1.81,43.92,SN(L),1,W,W,W,BOR,-2.328,1011000,3.754,1.71E+19,0,DIV-IId,1974000,1970000,0,609000,STANDARD,0.42825,1.213,EC,0
AUG,26358,2.65,LH,2.0000,1.624,0.5307,1.647,43.67,SN(L),1,W,W,W,BOR,-2.327,997200,3.829,1.41E+19,0,DIV-IId,3152000,3150000,0,1625000,STANDARD,0.353,2.66,EC,0
AUG,26358,4.09,LH,2.0000,1.623,0.5299,1.65,43.61,SN(L),1,W,W,W,BOR,-2.326,997700,3.833,2.02E+19,0,DIV-IId,1744000,1790000,37300,968900,STANDARD,0.504,4.1,NBEC,0
AUG,26359,3.75,LHL,2.0000,1.623,0.5311,1.648,43.66,SN(L),1,W,W,W,BOR,-2.326,998200,3.84,1.70E+19,0,DIV-IId,2363000,2420000,10210,1352000,STANDARD,0.42575,-1.00E-08,NBEC,0
AUG,26448,1.16,LH,2.0000,1.644,0.4895,1.809,43.75,SN(L),1,W,W,W,BOR,-2.473,802600,4.829,4.10E+19,0,DIV-IId,1130000,1100000,0,314600,STANDARD,1.170571429,1.17,EC,1
AUG,26651,1.554,LH,2.0000,1.62,0.527,1.735,44.99,SN(L),1,W,W,W,BOR,-2.491,998200,4.465,5.69E+19,0,DIV-IId,2023000,1930000,176700,636000,STANDARD,1.4235,1.564,NB,1
AUG,26705,1.578,LH,2.0000,1.624,0.5205,1.726,44.38,SN(L),1,W,W,W,BOR,-2.491,996000,4.299,4.83E+19,0,DIV-IId,1380000,1640000,117200,452700,STANDARD,1.2075,1.588,NB,1
AUG,26706,1.599,LH,2.0000,1.625,0.5198,1.734,44.51,SN(L),1,W,W,W,BOR,-2.491,995700,4.317,4.92E+19,0,DIV-IId,1403000,1420000,131800,415000,STANDARD,1.229,1.607,NB,1
AUG,26707,1.724,LH,2.0000,1.624,0.5199,1.733,44.44,SN(L),1,W,W,W,BOR,-2.491,996900,4.322,5.08E+19,0,DIV-IId,1679000,1550000,184200,679100,STANDARD,1.26925,1.733,NBEC,1
AUG,26734,3.007,LH,2.0000,1.624,0.5303,1.65,43.67,SN(L),1,W,W,W,BOR,-2.324,998900,3.832,1.49E+19,0,DIV-IId,3167000,3120000,0,1646000,STANDARD,0.37275,3.014,EC,0
AUG,26737,1.765,LH,2.0000,1.633,0.5194,1.673,43.56,SN(L),1,W,W,W,BOR,-2.309,995700,3.69,1.55E+19,0,DIV-IId,2068000,2150000,0,1228000,STANDARD,0.387,1.77,EC,0
AUG,26737,3.385,LH,2.0000,1.625,0.5281,1.658,43.64,SN(L),1,W,W,W,BOR,-2.308,998100,3.814,1.54E+19,0,DIV-IId,3403000,3620000,31780,1864000,STANDARD,0.385,3.395,NBEC,0
AUG,26766,1.71,LHblip,2.0000,1.642,0.516,1.684,43.77,SN(L),1,W,W,W,BOR,-2.357,996900,3.728,2.58E+19,0,DIV-IId,1160000,1200000,0,505000,STANDARD,0.64575,1.718,EC,0
AUG,26766,5.238,LH,2.0000,1.624,0.5313,1.649,43.74,SN(L),1,W,W,W,BOR,-2.357,997900,3.904,2.51E+19,0,DIV-IId,1447000,1400000,59960,739400,STANDARD,0.6285,5.245,NBEC,0
AUG,26767,1.915,LHL,2.0000,1.635,0.519,1.652,43.37,SN(L),1,W,W,W,BOR,-2.355,997500,3.72,1.73E+19,0,DIV-IId,1520000,1500000,6554,736500,STANDARD,0.43325,2.238,NBEC,0
AUG,26767,2.23,LH,2.0000,1.626,0.5249,1.64,43.25,SN(L),1,W,W,W,BOR,-2.356,1000000,3.79,1.70E+19,0,DIV-IId,1811000,1800000,0,904100,STANDARD,0.42375,2.238,EC,0
AUG,26767,3.1,LHL,2.0000,1.63,0.5269,1.647,43.63,SN(L),1,W,W,W,BOR,-2.356,998200,3.852,1.56E+19,0,DIV-IId,2464000,2470000,7270,1380000,STANDARD,0.3895,2.76,NBEC,0
AUG,26767,5.295,LH,2.0000,1.623,0.5323,1.639,43.71,SN(L),1,W,W,W,BOR,-2.355,997400,3.909,2.10E+19,0,DIV-IId,1856000,1760000,101800,1216000,STANDARD,0.52475,5.31,NBEC,0
AUG,26994,1.516,LH,2.0000,1.635,0.5103,1.714,43.66,SN(L),1,W,W,W,BOR,-2.431,994900,3.993,3.24E+19,0,DIV-IId,1353000,1400000,0,416900,STANDARD,0.809,1.523,EC,0
AUG,26994,2.512,LHblip,2.0000,1.622,0.5144,1.685,43.01,SN(L),1,W,W,W,BOR,-2.431,996800,3.934,3.41E+19,0,DIV-IId,875900,600000,0,433400,STANDARD,0.8535,2.516,EC,0
AUG,26994,3.516,LHblip,2.0000,1.622,0.5161,1.685,43.08,SN(L),1,W,W,W,BOR,-2.431,998400,3.957,3.51E+19,0,DIV-IId,968700,940000,0,502400,STANDARD,0.8765,3.523,EC,1
AUG,26994,4.517,LHblip,2.0000,1.621,0.5167,1.69,43.17,SN(L),1,W,W,W,BOR,-2.43,999700,3.974,3.44E+19,0,DIV-IId,1051000,1080000,0,538300,STANDARD,0.85925,4.522,EC,0
AUG,26996,3.72,LHblip,2.0000,1.62,0.5166,1.687,43.12,SN(L),1,W,W,W,BOR,-2.435,998000,3.987,3.21E+19,0,DIV-IId,925900,800000,0,501400,STANDARD,0.8035,3.722,EC,0
AUG,27124,2.809,LHblip,2.0000,1.637,0.5155,1.703,43.74,SN(L),1,W,W,W,BOR,-2.429,996500,3.964,5.17E+19,0,DIV-IId,1365000,1400000,3,568900,STANDARD,1.29225,2.81,EC,1
AUG,27125,1.48,LH,2.0000,1.645,0.5152,1.716,44.38,SN(L),1,W,W,W,BOR,-2.43,992000,4.017,4.50E+19,0,DIV-IId,1497000,1480000,0,520700,STANDARD,1.124,1.485,EC,1
AUG,27125,2.596,LH,2.0000,1.636,0.5158,1.699,43.68,SN(L),1,W,W,W,BOR,-2.429,996800,3.943,4.70E+19,0,DIV-IId,1286000,1400000,41480,525000,STANDARD,1.176,2.603,NBEC,1
AUG,27125,3.66,LH,2.0000,1.636,0.5174,1.703,43.92,SN(L),1,W,W,W,BOR,-2.429,997500,3.973,4.58E+19,0,DIV-IId,1197000,1300000,0,565200,STANDARD,1.1445,3.67,EC,1
AUG,27126,2.586,LH,2.0000,1.634,0.5173,1.692,43.65,SN(L),1,W,W,W,BOR,-2.43,997400,3.934,4.15E+19,0,DIV-IId,1043000,1200000,0,482100,STANDARD,1.03675,2.591,EC,1
AUG,27126,3.655,LH,2.0000,1.635,0.5181,1.697,43.85,SN(L),1,W,W,W,BOR,-2.429,997800,3.96,4.06E+19,0,DIV-IId,1115000,1195000,0,483500,STANDARD,1.016,3.66,EC,1
AUG,27129,1.451,LH,2.0000,1.637,0.5165,1.709,44.28,SN(L),1,W,W,W,BOR,-2.43,994500,4.034,3.64E+19,0,DIV-IId,1365000,1200000,0,453400,STANDARD,0.9105,1.456,EC,1
AUG,27129,2.564,LH,2.0000,1.634,0.5176,1.691,43.65,SN(L),1,W,W,W,BOR,-2.429,997200,3.929,3.82E+19,0,DIV-IId,1266000,1260000,0,509800,STANDARD,0.954,2.569,EC,1
AUG,27129,3.631,LH,2.0000,1.635,0.5186,1.694,43.83,SN(L),1,W,W,W,BOR,-2.429,999200,3.943,3.32E+19,0,DIV-IId,1643000,1750000,0,471300,STANDARD,0.8295,3.636,EC,0
AUG,27802,2.044,LH,2.0000,1.629,0.529,1.68,44.41,SN(L),1,W,W,W,BOR,-2.481,997500,4.219,4.87E+19,0,DIV-IId,1380000,1380000,0,0,STANDARD,1.218,2.054,EC,1
AUG,27803,2.044,LH,2.0000,1.631,0.5271,1.684,44.38,SN(L),1,W,W,W,BOR,-2.481,997500,4.198,4.85E+19,0,DIV-IId,1436000,1440000,0,0,STANDARD,1.2135,2.054,EC,1
AUG,27804,2.009,LH,2.0000,1.633,0.5216,1.686,44.09,SN(L),1,W,W,W,BOR,-2.481,996700,4.151,2.90E+19,0,DIV-IId,1328000,1400000,0,0,STANDARD,0.726,2.017,EC,0
AUG,27805,2.009,LH,2.0000,1.633,0.5223,1.686,44.09,SN(L),1,W,W,W,BOR,-2.48,997000,4.158,2.88E+19,0,DIV-IId,1315000,1530000,0,0,STANDARD,0.72075,2.017,EC,0
AUG,27805,2.7,LHLH,2.0000,1.63,0.5238,1.669,43.88,SN(L),1,W,W,W,BOR,-2.48,998300,4.135,2.53E+19,0,DIV-IId,1742000,1750000,0,0,STANDARD,0.63275,2.017,EC,0
AUG,27806,2.018,LH,2.0000,1.634,0.5218,1.685,44.11,SN(L),1,W,W,W,BOR,-2.479,997500,4.149,2.86E+19,0,DIV-IId,1386000,1480000,0,0,STANDARD,0.7155,2.023,EC,0
AUG,27806,2.9,LHLH,2.0000,1.63,0.5242,1.668,43.89,SN(L),1,W,W,W,BOR,-2.478,998300,4.136,2.48E+19,0,DIV-IId,1770000,1790000,0,0,STANDARD,0.619,2.023,EC,0
AUG,27810,2.017,LH,2.0000,1.632,0.5231,1.686,44.08,SN(L),1,W,W,W,BOR,-2.478,996800,4.169,2.79E+19,0,DIV-IId,1462000,1560000,0,0,STANDARD,0.69775,2.022,EC,0
AUG,27811,2.024,LH,2.0000,1.636,0.5167,1.699,43.94,SN(L),1,W,W,W,BOR,-2.479,997200,4.123,3.00E+19,0,DIV-IId,1387000,1520000,0,0,STANDARD,0.74875,2.029,EC,0
AUG,27950,1.217,LH,2.0000,1.657,0.5084,1.649,42.87,SN(L),1,W,W,W,BOR,-2.216,604600,5.375,3.94E+19,0,DIV-IId,1079000,900000,174200,0,STANDARD,1.126571429,1.222,NB,1
AUG,27951,1.216,LH,2.0000,1.656,0.5086,1.646,42.83,SN(L),1,W,W,W,BOR,-2.215,604600,5.364,3.99E+19,0,DIV-IId,1039000,880000,172200,0,STANDARD,1.141142857,1.221,NB,1
AUG,27952,1.218,LH,2.0000,1.662,0.501,1.642,42.32,SN(L),1,W,W,W,BOR,-2.221,605000,5.168,4.06E+19,0,DIV-IId,963400,820000,174800,0,STANDARD,1.161142857,1.223,NB,1
AUG,27959,1.22,LH,2.0000,1.651,0.4994,1.691,42.82,SN(L),1,W,W,W,BOR,-2.254,604400,5.546,3.96E+19,0,DIV-IId,1047000,850000,186400,0,STANDARD,1.130571429,1.225,NB,1
AUG,27981,3.016,LH,2.0000,1.622,0.5258,1.648,43.2,SN(L),1,W,W,W,BOR,-2.53,995800,4.172,3.79E+19,0,DIV-IId,1028000,1200000,0,0,STANDARD,0.94625,3.021,EC,1
AUG,28014,1.219,LH,2.0000,1.645,0.5053,1.661,42.6,SN(L),1,W,W,W,BOR,-2.236,603700,5.468,4.01E+19,0,DIV-IId,1148000,900000,172300,0,STANDARD,1.144857143,1.224,NB,1
AUG,28015,1.22,LH,2.0000,1.646,0.5038,1.669,42.66,SN(L),1,W,W,W,BOR,-2.234,604400,5.464,4.00E+19,0,DIV-IId,970400,920000,178700,0,STANDARD,1.141714286,1.225,NB,1
AUG,28016,1.219,LH,2.0000,1.647,0.5031,1.672,42.71,SN(L),1,W,W,W,BOR,-2.236,603600,5.473,4.03E+19,0,DIV-IId,1121000,930000,174500,0,STANDARD,1.151142857,1.224,NB,1
AUG,28017,1.222,LH,2.0000,1.644,0.5051,1.661,42.49,SN(L),1,W,W,W,BOR,-2.234,605200,5.463,4.23E+19,0,DIV-IId,1044000,900000,190400,0,STANDARD,1.208571429,1.227,NB,1
AUG,28036,1.561,LH,2.0000,1.6,0.5311,1.649,43.12,SN(L),1,W,W,W,BOR,-2.471,607100,7.34,1.63E+19,0,DIV-IId,1622000,1240000,96740,0,STANDARD,0.464857143,1.566,NBEC,0
AUG,28037,1.616,LH,2.0000,1.604,0.5216,1.63,42.23,SN(L),1,W,W,W,BOR,-2.474,606100,7.087,2.10E+19,0,DIV-IId,1535000,1070000,83570,0,STANDARD,0.599142857,1.621,NBEC,0
AUG,28048,1.22,LH,2.0000,1.647,0.5036,1.676,42.82,SN(L),1,W,W,W,BOR,-2.227,604500,5.477,4.11E+19,0,DIV-IId,955900,860000,203600,0,STANDARD,1.172857143,1.225,NB,1
AUG,28049,1.219,LH,2.0000,1.645,0.5052,1.665,42.61,SN(L),1,W,W,W,BOR,-2.225,604000,5.471,4.13E+19,0,DIV-IId,1056000,820000,202300,0,STANDARD,1.180571429,1.224,NB,1
AUG,28050,1.218,LH,2.0000,1.647,0.5033,1.677,42.79,SN(L),1,W,W,W,BOR,-2.224,603200,5.481,3.86E+19,0,DIV-IId,1190000,870000,202300,0,STANDARD,1.102285714,1.223,NB,1
AUG,28052,0.915,LH,2.0000,1.674,0.4711,1.796,42.96,SN(L),1,W,W,W,BOR,-2.464,601200,5.736,3.59E+19,0,DIV-IId,1370000,1000000,204900,0,STANDARD,1.024571429,0.92,NB,1
AUG,28053,0.917,LH,2.0000,1.674,0.4688,1.801,42.85,SN(L),1,W,W,W,BOR,-2.459,601900,5.706,3.60E+19,0,DIV-IId,1423000,1020000,213500,0,STANDARD,1.029428571,0.922,NB,1
AUG,28110,3.354,LH,2.0000,1.622,0.524,1.649,43.08,SN(L),1,W,W,W,BOR,-2.382,599400,6.743,1.92E+19,0,DIV-IId,518200,1000000,0,602100,STANDARD,0.547428571,3.358,EC,0
AUG,28111,3.37,LH,2.0000,1.623,0.5233,1.652,43.08,SN(L),1,W,W,W,BOR,-2.382,599400,6.729,1.92E+19,0,DIV-IId,504900,950000,0,535100,STANDARD,0.548,3.375,EC,0
AUG,28112,3.386,LH,2.0000,1.622,0.5236,1.653,43.07,SN(L),1,W,W,W,BOR,-2.382,598900,6.742,1.78E+19,0,DIV-IId,543700,1000000,0,577500,STANDARD,0.507714286,3.395,EC,0
AUG,28124,1.691,LH,2.0000,1.637,0.526,1.687,44.57,SN(L),1,W,W,W,BOR,-2.299,799700,4.831,3.97E+19,0,DIV-IId,1268000,1280000,0,0,STANDARD,1.133142857,1.696,EC,1
AUG,28124,3.679,LH,2.0000,1.633,0.5294,1.636,43.68,SN(L),1,W,W,W,BOR,-2.298,799700,4.688,3.85E+19,0,DIV-IId,1352000,1350000,0,0,STANDARD,1.101142857,3.684,EC,1
AUG,28125,1.673,LH,2.0000,1.636,0.5278,1.681,44.51,SN(L),1,W,W,W,BOR,-2.295,798900,4.813,3.43E+19,0,DIV-IId,1319000,1240000,0,0,STANDARD,0.979142857,1.678,EC,1
AUG,28125,3.672,LH,2.0000,1.632,0.53,1.633,43.64,SN(L),1,W,W,W,BOR,-2.292,798700,4.676,3.64E+19,0,DIV-IId,1274000,1200000,0,0,STANDARD,1.040857143,3.677,EC,1
AUG,28152,3.114,LHblip,2.0000,1.623,0.52,1.705,43.94,SN(L),1,W,W,W,BOR,-2.28,599800,6.441,2.47E+19,0,DIV-IId,776400,790000,52960,420300,STANDARD,0.705428571,3.119,NBEC,0
AUG,28152,4.525,LHblip,2.0000,1.641,0.5209,1.722,44.74,SN(L),1,W,W,W,BOR,-2.279,598200,6.401,2.36E+19,0,DIV-IId,863100,940000,0,456800,STANDARD,0.674571429,4.53,EC,0
AUG,28152,4.713,LHblip,2.0000,1.638,0.5209,1.717,44.64,SN(L),1,W,W,W,BOR,-2.279,598800,6.405,2.41E+19,0,DIV-IId,1033000,950000,66900,501100,STANDARD,0.689428571,4.718,NBEC,0
AUG,28156,2.074,LH,2.0000,1.631,0.5282,1.65,43.85,SN(L),1,W,W,W,BOR,-2.275,797800,4.67,3.57E+19,0,DIV-IId,807100,810000,0,0,STANDARD,1.018571429,2.078,EC,1
AUG,28157,2.127,LH,2.0000,1.63,0.5289,1.643,43.71,SN(L),1,W,W,W,BOR,-2.275,798500,4.668,3.47E+19,0,DIV-IId,862800,800000,0,0,STANDARD,0.991142857,2.132,EC,1
AUG,28158,2.529,LH,2.0000,1.627,0.5331,1.618,43.52,SN(L),1,W,W,W,BOR,-2.276,798400,4.643,3.53E+19,0,DIV-IId,812800,880000,0,0,STANDARD,1.008857143,2.534,EC,1
AUG,28200,3.337,LH,2.0000,1.635,0.5082,1.748,43.93,SN(L),1,W,W,W,BOR,-2.398,598900,7.055,1.77E+19,0,DIV-IId,1608000,1700000,0,738000,STANDARD,0.505428571,3.342,EC,0
AUG,28201,3.215,LH,2.0000,1.628,0.5158,1.721,43.94,SN(L),1,W,W,W,BOR,-2.4,598000,7.042,2.03E+19,0,DIV-IId,839500,1080000,0,513700,STANDARD,0.579714286,3.22,EC,0
AUG,28231,2.004,LH,2.0000,1.628,0.5319,1.632,43.73,SN(L),1,W,W,W,BOR,-2.279,798700,4.689,2.86E+19,0,DIV-IId,802400,900000,95910,0,Xptref,0.817714286,2.009,NBEC,0
AUG,28231,3.202,LH,2.0000,1.629,0.5326,1.635,43.8,SN(L),1,W,W,W,BOR,-2.279,798300,4.697,3.72E+19,0,DIV-IId,1131000,970000,115000,0,Xptref,1.062,3.207,NB,1
AUG,28232,2.009,LH,2.0000,1.644,0.5136,1.664,43.14,SN(L),1,W,W,W,BOR,-2.279,799000,4.363,3.04E+19,0,DIV-IId,900100,830000,48560,0,Xpthigh,0.869142857,2.014,NBEC,1
AUG,28232,3.166,LH,2.0000,1.644,0.5142,1.656,43.08,SN(L),1,W,W,W,BOR,-2.278,797400,4.341,3.79E+19,0,DIV-IId,1172000,1050000,126300,0,Xpthigh,1.082,3.171,NB,1
AUG,28232,4.384,LH,2.0000,1.65,0.5094,1.669,43.13,SN(L),1,W,W,W,BOR,-2.276,796900,4.347,5.39E+19,0,DIV-IId,1645000,1500000,192400,0,Xpthigh,1.540285714,4.389,NB,1
AUG,28233,2.105,LH,2.0000,1.625,0.5361,1.605,43.64,SN(L),1,W,W,W,BOR,-2.277,798200,4.736,2.71E+19,0,DIV-IId,844800,890000,106100,0,Xptin,0.773428571,2.11,NBEC,0
AUG,28233,3.267,LH,2.0000,1.625,0.5355,1.621,43.89,SN(L),1,W,W,W,BOR,-2.276,797600,4.808,3.99E+19,0,DIV-IId,1167000,1150000,115300,0,Xptin,1.138857143,3.272,NB,1
AUG,28234,2.051,LH,2.0000,1.626,0.5316,1.627,43.58,SN(L),1,W,W,W,BOR,-2.28,798000,4.683,2.78E+19,0,DIV-IId,692900,850000,0,0,Xptref,0.794857143,2.056,EC,0
AUG,28234,3.181,LH,2.0000,1.628,0.5324,1.635,43.81,SN(L),1,W,W,W,BOR,-2.279,798100,4.697,3.75E+19,0,DIV-IId,1082000,950000,6248,0,Xptref,1.072571429,3.186,NB,1
AUG,28250,1.938,LH,2.0000,1.625,0.5276,1.671,43.88,SN(L),1,W,W,W,BOR,-2.272,799100,4.754,4.05E+19,0,DIV-IId,1056000,1010000,129400,0,Xptref,1.155714286,1.943,NB,1
AUG,28250,3.043,LH,2.0000,1.631,0.5238,1.669,43.81,SN(L),1,W,W,W,BOR,-2.272,799500,4.695,3.91E+19,0,DIV-IId,1240000,1150000,131700,0,Xptref,1.115714286,3.048,NB,1
AUG,28250,4.144,LH,2.0000,1.635,0.5228,1.647,43.63,SN(L),1,W,W,W,BOR,-2.272,798900,4.725,4.21E+19,0,DIV-IId,1461000,1260000,133400,0,Xptref,1.202285714,4.149,NB,1
AUG,28251,1.933,LH,2.0000,1.642,0.5067,1.71,43.27,SN(L),1,W,W,W,BOR,-2.275,799300,4.422,4.29E+19,0,DIV-IId,886800,850000,117700,0,Xpthigh,1.226571429,1.938,NB,1
AUG,28251,3.036,LH,2.0000,1.649,0.5037,1.705,43.28,SN(L),1,W,W,W,BOR,-2.274,798800,4.373,4.45E+19,0,DIV-IId,1165000,1050000,106500,0,Xpthigh,1.272285714,3.041,NB,1
AUG,28251,4.165,LH,2.0000,1.648,0.5063,1.673,42.89,SN(L),1,W,W,W,BOR,-2.272,799300,4.31,4.31E+19,0,DIV-IId,1254000,1140000,108400,0,Xpthigh,1.232285714,4.17,NB,1
AUG,28252,1.949,LH,2.0000,1.621,0.5319,1.635,43.78,SN(L),1,W,W,W,BOR,-2.272,798400,4.823,4.24E+19,0,DIV-IId,1133000,930000,125400,0,Xptin,1.21,1.954,NB,1
AUG,28252,3.046,LH,2.0000,1.625,0.5312,1.613,43.42,SN(L),1,W,W,W,BOR,-2.272,800300,4.711,4.15E+19,0,DIV-IId,1376000,1030000,124100,0,Xptin,1.185714286,3.051,NB,1
AUG,28252,4.153,LH,2.0000,1.629,0.5275,1.633,43.56,SN(L),1,W,W,W,BOR,-2.272,800400,4.704,4.08E+19,0,DIV-IId,1279000,1100000,125600,0,Xptin,1.165428571,4.158,NB,1
AUG,28253,1.929,LH,2.0000,1.627,0.5261,1.671,43.88,SN(L),1,W,W,W,BOR,-2.275,799500,4.75,4.15E+19,0,DIV-IId,1056000,960000,140000,0,Xptref,1.184285714,1.934,NB,1
AUG,28253,3.105,LH,2.0000,1.627,0.5254,1.66,43.56,SN(L),1,W,W,W,BOR,-2.274,797900,4.736,4.03E+19,0,DIV-IId,1339000,1200000,144300,0,Xptref,1.152,3.109,NB,1
AUG,28253,4.217,LH,2.0000,1.627,0.5288,1.638,43.48,SN(L),1,W,W,W,BOR,-2.272,797800,4.71,3.92E+19,0,DIV-IId,1498000,1350000,145000,0,Xptref,1.121142857,4.222,NB,1
AUG,28254,1.93,LH,2.0000,1.643,0.5063,1.711,43.33,SN(L),1,W,W,W,BOR,-2.272,798700,4.408,4.28E+19,0,DIV-IId,1135000,1000000,131100,0,Xpthigh,1.224,1.935,NB,1
AUG,28254,3.027,LH,2.0000,1.651,0.5021,1.714,43.33,SN(L),1,W,W,W,BOR,-2.272,798800,4.36,4.83E+19,0,DIV-IId,1466000,1340000,112000,0,Xpthigh,1.378857143,3.032,NB,1
AUG,28254,4.148,LH,2.0000,1.649,0.5058,1.672,42.88,SN(L),1,W,W,W,BOR,-2.272,799000,4.298,4.81E+19,0,DIV-IId,1421000,1220000,94740,0,Xpthigh,1.373428571,4.153,NB,1
AUG,28297,1.795,LH,2.0000,1.629,0.5233,1.685,43.98,SN(L),1,W,W,W,BOR,-1.91,795200,4.007,4.06E+19,0,DIV-IId,1136000,1140000,55760,0,STANDARD,1.159714286,1.8,NB,1
AUG,28297,2.737,LH,2.0000,1.629,0.5263,1.653,43.67,SN(L),1,W,W,W,BOR,-1.91,796700,3.938,3.77E+19,0,DIV-IId,982100,980000,54320,0,STANDARD,1.076285714,2.742,NB,1
AUG,28297,3.945,LH,2.0000,1.631,0.5294,1.633,43.55,SN(L),1,W,W,W,BOR,-1.907,796600,3.907,3.75E+19,0,DIV-IId,986300,950000,53810,0,STANDARD,1.072,3.95,NB,1
AUG,28298,1.765,LH,2.0000,1.624,0.5236,1.668,43.54,SN(L),1,W,W,W,BOR,-1.911,795600,4.002,2.41E+19,0,DIV-IId,1004000,1030000,38570,0,STANDARD,0.688571429,1.77,NB,0
AUG,28298,2.741,LH,2.0000,1.623,0.5285,1.628,43.23,SN(L),1,W,W,W,BOR,-1.911,797200,3.919,2.68E+19,0,DIV-IId,893200,1000000,32320,0,STANDARD,0.764285714,2.746,NB,0
AUG,28298,3.957,LH,2.0000,1.626,0.5302,1.615,43.19,SN(L),1,W,W,W,BOR,-1.908,797100,3.9,2.71E+19,0,DIV-IId,950600,920000,32600,0,STANDARD,0.775142857,3.962,NB,0
AUG,28299,1.869,LH,2.0000,1.629,0.5225,1.688,43.97,SN(L),1,W,W,W,BOR,-1.911,795300,4.004,4.47E+19,0,DIV-IId,1179000,1210000,111900,0,STANDARD,1.276285714,1.874,NB,1
AUG,28299,3.076,LH,2.0000,1.631,0.5241,1.654,43.58,SN(L),1,W,W,W,BOR,-1.91,795700,3.926,4.67E+19,0,DIV-IId,1339000,1200000,76640,0,STANDARD,1.334857143,3.081,NB,1
AUG,28300,1.99,LH,2.0000,1.629,0.5211,1.676,43.61,SN(L),1,W,W,W,BOR,-2.814,797400,5.806,3.93E+19,0,DIV-IId,1401000,1260000,131000,0,STANDARD,1.121714286,1.995,NB,1
AUG,28300,3.187,LH,2.0000,1.627,0.5264,1.637,43.27,SN(L),1,W,W,W,BOR,-2.813,797900,5.735,3.88E+19,0,DIV-IId,1302000,1210000,119700,0,STANDARD,1.109428571,3.192,NB,1
AUG,28300,4.392,LH,2.0000,1.629,0.5291,1.626,43.36,SN(L),1,W,W,W,BOR,-2.813,797300,5.726,3.89E+19,0,DIV-IId,1368000,1220000,120000,0,STANDARD,1.11,4.397,NB,1
AUG,28394,1.54,LH,2.0000,1.621,0.5315,1.663,44.11,SN(L),1,W,W,W,BOR,-2.277,799200,4.877,4.46E+19,0,DIV-IId,1182000,1230000,0,0,STANDARD,1.274285714,1.545,EC,1
AUG,28394,3.204,LH,2.0000,1.625,0.5261,1.648,43.4,SN(L),1,W,W,W,BOR,-2.276,797100,4.699,4.11E+19,0,DIV-IId,1140000,1110000,54710,0,STANDARD,1.172857143,3.208,NB,1
AUG,28395,5.106,LH,2.0000,1.634,0.5244,1.644,43.56,SN(L),1,W,W,W,BOR,-2.275,798400,4.638,3.95E+19,0,DIV-IId,1184000,1240000,105600,0,STANDARD,1.129428571,5.111,NB,1
AUG,28396,5.125,LH,2.0000,1.631,0.5262,1.642,43.49,SN(L),1,W,W,W,BOR,-2.276,800400,4.673,4.05E+19,0,DIV-IId,1109000,1230000,138600,0,STANDARD,1.156571429,5.13,NB,1
AUG,28397,5.117,LH,2.0000,1.632,0.5272,1.642,43.62,SN(L),1,W,W,W,BOR,-2.275,799800,4.675,4.22E+19,0,DIV-IId,1193000,1220000,147700,0,STANDARD,1.205142857,5.12,NB,1
AUG,28398,5.119,LH,2.0000,1.631,0.5273,1.642,43.6,SN(L),1,W,W,W,BOR,-2.275,799600,4.691,4.23E+19,0,DIV-IId,1147000,1190000,149500,0,STANDARD,1.208285714,5.123,NB,1
AUG,28399,1.417,LH,2.0000,1.628,0.5295,1.686,44.55,SN(L),1,W,W,W,BOR,-2.278,801300,4.857,3.99E+19,0,DIV-IId,1305000,1160000,0,0,STANDARD,1.141142857,1.422,EC,1
AUG,28399,3.156,LH,2.0000,1.625,0.5255,1.65,43.36,SN(L),1,W,W,W,BOR,-2.276,797400,4.679,4.06E+19,0,DIV-IId,1031000,940000,114100,0,STANDARD,1.158857143,2.585,NB,1
AUG,28399,4.259,LH,2.0000,1.627,0.5263,1.634,43.27,SN(L),1,W,W,W,BOR,-2.276,797100,4.722,4.14E+19,0,DIV-IId,1066000,1000000,103100,0,STANDARD,1.182285714,4.264,NB,1
AUG,28399,5.114,LH,2.0000,1.635,0.5224,1.649,43.55,SN(L),1,W,W,W,BOR,-2.275,799000,4.666,4.69E+19,0,DIV-IId,1242000,1260000,153300,0,STANDARD,1.340285714,5.118,NB,1
AUG,28400,1.418,LH,2.0000,1.627,0.5295,1.686,44.55,SN(L),1,W,W,W,BOR,-2.279,801500,4.865,4.01E+19,0,DIV-IId,1275000,1190000,0,0,STANDARD,1.145428571,1.422,EC,1
AUG,30773,2.073,LH,2.0000,1.642,0.5118,1.72,44.01,SN(L),1,W,W,W,BOR,-2.49,803900,5.192,3.64E+19,0,DIV-III,1514000,1450000,54230,651300,STANDARD,1.038571429,2.083,NB,1
AUG,30773,3.234,LH,2.0000,1.628,0.5241,1.642,43.26,SN(L),1,W,W,W,BOR,-2.489,804900,5.131,3.24E+19,0,DIV-III,1241000,1150000,53160,418600,STANDARD,0.924857143,3.244,NB,1
AUG,30794,2.016,LH,2.0000,1.646,0.5082,1.742,44.16,SN(L),1,W,W,W,BOR,-2.49,802000,5.155,3.28E+19,0,DIV-III,1270000,1190000,49680,452300,STANDARD,0.937142857,2.026,NB,1
AUG,30794,3.214,LH,2.0000,1.638,0.5143,1.69,43.57,SN(L),1,W,W,W,BOR,-2.488,802500,5.093,3.34E+19,0,DIV-III,1144000,1060000,51110,377700,STANDARD,0.955142857,3.224,NB,1
AUG,30794,4.413,LH,2.0000,1.638,0.5157,1.684,43.51,SN(L),1,W,W,W,BOR,-2.488,802600,5.084,3.40E+19,0,DIV-III,1129000,1080000,52220,366600,STANDARD,0.972285714,4.423,NB,1
AUG,30796,2.034,LH,2.0000,1.644,0.5091,1.731,43.92,SN(L),1,W,W,W,BOR,-2.472,802000,5.108,3.75E+19,0,DIV-III,1395000,1290000,46270,416300,STANDARD,1.072285714,2.044,NB,1
AUG,30796,3.249,LH,2.0000,1.637,0.5152,1.685,43.5,SN(L),1,W,W,W,BOR,-2.471,802500,5.055,3.84E+19,0,DIV-III,1284000,1230000,51890,384000,STANDARD,1.096857143,3.259,NB,1
AUG,30981,2.199,LH,2.0000,1.635,0.5184,1.724,44.49,SN(L),1,W,W,W,BOR,-1.987,802300,4.261,5.07E+19,0,DIV-III,1519000,1440000,72990,586800,STANDARD,1.449714286,2.209,NB,1
AUG,30981,3.239,LH,2.0000,1.632,0.5217,1.706,44.29,SN(L),1,W,W,W,BOR,-1.985,802900,4.224,4.22E+19,0,DIV-III,1256000,1210000,43490,422900,STANDARD,1.205428571,3.249,NB,1
AUG,30981,4.436,LH,2.0000,1.632,0.522,1.703,44.24,SN(L),1,W,W,W,BOR,-1.981,802800,4.209,4.25E+19,0,DIV-III,1259000,1200000,43910,412400,STANDARD,1.214571429,4.446,NB,1
AUG,30990,2.235,LH,2.0000,1.635,0.5186,1.712,44.13,SN(L),1,W,W,W,BOR,-2.976,801600,6.312,4.22E+19,0,DIV-III,1466000,1420000,86110,528500,STANDARD,1.204285714,2.245,NB,1
AUG,30990,3.431,LH,2.0000,1.634,0.5188,1.704,43.99,SN(L),1,W,W,W,BOR,-2.973,801600,6.254,4.35E+19,0,DIV-III,1424000,1380000,88110,561800,STANDARD,1.244,3.441,NB,1
AUG,30990,4.653,LH,2.0000,1.635,0.5186,1.703,43.96,SN(L),1,W,W,W,BOR,-2.971,802000,6.239,4.66E+19,0,DIV-III,1545000,1530000,92130,612200,STANDARD,1.332285714,4.663,NB,1
AUG,30991,2.004,LH,2.0000,1.637,0.5192,1.729,44.62,SN(L),1,W,W,W,BOR,-1.688,798000,3.652,4.23E+19,0,DIV-III,1185000,1150000,43650,295400,STANDARD,1.208,2.014,NB,1
AUG,30991,3.266,LH,2.0000,1.636,0.5184,1.716,44.31,SN(L),1,W,W,W,BOR,-1.686,799100,3.609,5.09E+19,0,DIV-III,1440000,1340000,43740,581100,STANDARD,1.455142857,3.276,NB,1
AUG,31017,2.21,LH,2.0000,1.626,0.5165,1.732,44.11,SN(L),1,W,W,W,BOR,-2.981,807200,6.43,4.00E+19,0,DIV-III,1532000,1440000,88630,0,STANDARD,1.141714286,2.22,NB,1
AUG,31017,3.403,LH,2.0000,1.626,0.5204,1.717,44.09,SN(L),1,W,W,W,BOR,-2.981,806800,6.422,4.14E+19,0,DIV-III,1482000,1390000,90990,0,STANDARD,1.181428571,3.413,NB,1
AUG,31017,4.615,LH,2.0000,1.629,0.5214,1.718,44.26,SN(L),1,W,W,W,BOR,-2.981,807800,6.419,4.30E+19,0,DIV-III,1509000,1430000,92090,0,STANDARD,1.228857143,4.625,NB,1
AUG,31018,2.034,LH,2.0000,1.627,0.519,1.744,44.51,SN(L),1,W,W,W,BOR,-1.694,803900,3.72,5.22E+19,0,DIV-III,1408000,1360000,45540,0,STANDARD,1.492571429,2.044,NB,1
AUG,31018,3.218,LH,2.0000,1.628,0.5204,1.727,44.37,SN(L),1,W,W,W,BOR,-1.691,802800,3.679,4.91E+19,0,DIV-III,1328000,1280000,47790,0,STANDARD,1.403428571,3.228,NB,1
AUG,27356,2.191,LH,1.0000,1.609,0.5293,1.716,44.52,SN(L),1,W,W,W,BOR,-2.439,998000,4.494,5.57E+19,0,DIV-IId,2963000,2750000,134200,1345000,STANDARD,1.392,2.201,NBEC,1
AUG,27357,2.227,LH,1.0000,1.608,0.5299,1.717,44.59,SN(L),1,W,W,W,BOR,-2.439,997700,4.522,5.31E+19,0,DIV-IId,2941000,2660000,145900,1374000,STANDARD,1.3265,2.237,NBEC,1
AUG,27358,2.224,LH,1.0000,1.608,0.5301,1.717,44.59,SN(L),1,W,W,W,BOR,-2.439,997700,4.523,5.27E+19,0,DIV-IId,3080000,2770000,142200,1340000,STANDARD,1.31725,2.234,NBEC,1
AUG,27359,2.24,LH,1.0000,1.606,0.5308,1.715,44.53,SN(L),1,W,W,W,BOR,-2.436,998100,4.474,5.98E+19,0,DIV-IId,3137000,2840000,142700,1428000,STANDARD,1.4955,2.25,NBEC,1
AUG,27365,1.193,LH,1.0000,1.639,0.5104,1.684,43.12,SN(L),1,W,W,W,BOR,-2.488,796500,4.911,4.55E+19,0,DIV-IId,2667000,2550000,162100,1291000,STANDARD,1.3,1.203,NBEC,1
AUG,27366,1.318,LH,1.0000,1.636,0.51,1.704,43.43,SN(L),1,W,W,W,BOR,-2.483,798700,5.041,4.85E+19,0,DIV-IId,2649000,2530000,170000,1277000,STANDARD,1.384857143,1.328,NBEC,1
AUG,27367,3.178,LH,1.0000,1.638,0.5195,1.67,43.65,SN(L),1,W,W,W,BOR,-2.29,996600,3.77,4.00E+19,0,DIV-IId,2846000,2530000,120200,1015000,STANDARD,1.0005,3.188,NBEC,0
AUG,27368,2.826,LH,1.0000,1.626,0.5192,1.659,43.06,SN(L),1,W,W,W,BOR,-2.29,998100,3.753,3.97E+19,0,DIV-IId,2650000,2640000,42570,946400,STANDARD,0.9915,2.836,NBEC,0
AUG,27369,2.898,LH,1.0000,1.632,0.5124,1.674,42.9,SN(L),1,W,W,W,BOR,-2.293,998300,3.723,2.98E+19,0,DIV-IId,2891000,2900000,57140,1092000,STANDARD,0.74575,2.908,NBEC,0
AUG,27370,3.09,LH,1.0000,1.633,0.5175,1.66,43.2,SN(L),1,W,W,W,BOR,-2.296,997500,3.713,2.15E+19,0,DIV-IId,3654000,3540000,168600,1362000,STANDARD,0.53725,3.1,NBEC,0
AUG,27372,2.31,LH,1.0000,1.605,0.532,1.715,44.61,SN(L),1,W,W,W,BOR,-2.489,997300,4.674,5.59E+19,0,DIV-IId,3523000,3250000,150700,1518000,STANDARD,1.39625,2.32,NBEC,1
AUG,35241,2.56,LH,1.0000,1.627,0.5163,1.661,42.83,SN(L),1,W,W,W,BOR,-2.47,801000,5.179,5.46E+19,0,DIV-III,3337000,3337000,0,754100,STANDARD,1.559142857,2.057,EC,1
AUG,35241,2.27,LH,1.0000,1.626,0.5189,1.65,42.75,SN(L),1,W,W,W,BOR,-2.47,800300,5.149,5.39E+19,0,DIV-III,2644000,2644000,0,640500,STANDARD,1.539142857,2.057,EC,1
AUG,35241,4.07,LH,1.0000,1.624,0.523,1.636,42.94,SN(L),1,W,W,W,BOR,-2.469,799900,5.097,4.61E+19,0,DIV-III,2204000,2204000,0,620700,STANDARD,1.318,4.083,EC,1
AUG,35241,6.05,LH,1.0000,1.625,0.5227,1.635,42.96,SN(L),1,W,W,W,BOR,-2.468,799600,5.066,4.56E+19,0,DIV-III,2213000,2159000,53260,615700,STANDARD,1.303714286,6.064,NBEC,1
AUG,35266,2.261,LH,1.0000,1.626,0.5169,1.669,42.8,SN(L),1,W,W,W,BOR,-2.47,798500,5.168,4.44E+19,0,DIV-III,2831000,2718000,113300,678800,STANDARD,1.269428571,2.271,NBEC,0
AUG,35266,4.525,LH,1.0000,1.627,0.5178,1.667,43.1,SN(L),1,W,W,W,BOR,-2.469,798500,5.152,4.49E+19,0,DIV-III,2993000,2858000,134300,749400,STANDARD,1.282,4.523,NBEC,0
AUG,35842,2.194,LH,2.0000,1.618,0.5209,1.63,42.54,SN(L),1,W,W,W,BOR,-2.454,797500,4.964,3.84E+19,0,DIV-III,930400,930400,0,329500,STANDARD,1.097142857,2.195,EC,1
AUG,35842,4.58,LH,2.0000,1.631,0.5242,1.632,43.06,SN(L),1,W,W,W,BOR,-2.451,791000,5.001,3.91E+19,0,DIV-III,969300,912400,56880,324400,STANDARD,1.116,4.59,NBEC,1
AUG,35843,2.99,LH,2.0000,1.621,0.5184,1.625,42.26,SN(L),1,W,W,W,BOR,-2.451,798400,4.899,4.69E+19,0,DIV-III,1120000,1094000,25940,304700,STANDARD,1.341142857,2.98,NBEC,1
AUG,35843,5.39,LH,2.0000,1.633,0.5233,1.623,43.08,SN(L),1,W,W,W,BOR,-2.45,792700,4.942,4.87E+19,0,DIV-III,1148000,1122000,25930,427900,STANDARD,1.391142857,5.38,NBEC,1
AUG,35916,2.51,LH,2.0000,1.629,0.5143,1.651,42.69,SN(L),1,W,W,W,BOR,-2.446,799400,4.871,5.22E+19,0,DIV-III,1238000,1238000,0,327500,STANDARD,1.49,2.5,EC,1
AUG,35916,5.09,LH,2.0000,1.628,0.5184,1.631,42.66,SN(L),1,W,W,W,BOR,-2.444,796400,4.877,4.91E+19,0,DIV-III,1249000,1215000,33820,337600,STANDARD,1.402571429,5.08,NBEC,1
AUG,36983,2.74,LH,2.0000,1.615,0.5297,1.679,44.02,SN(L),1,W,W,W,BOR,-2.485,795300,5.498,2.85E+19,0,DIV-III,1096000,1096000,0,314200,STANDARD,0.813428571,2.78,EC,0
AUG,36984,2.79,LH,2.0000,1.615,0.5293,1.68,43.82,SN(L),1,W,W,W,BOR,-2.485,796200,5.52,2.68E+19,0,DIV-III,1056000,1056000,0,355200,STANDARD,0.765714286,2.78,EC,0
AUG,37908,3.31,LHL,2.0000,1.62,0.5269,1.709,44.36,SN(L),1,W,W,W,BOR,-2.489,1196000,3.673,1.92E+19,0,DIV-III,2363000,2363000,0,1463000,STANDARD,,3.485,EC,0
AUG,37908,3.48,LH,2.0000,1.621,0.527,1.711,44.44,SN(L),1,W,W,W,BOR,-2.487,1198000,3.671,1.89E+19,0,DIV-III,2458000,2458000,0,1469000,STANDARD,,3.485,EC,0
AUG,37909,2.36,LHL,2.0000,1.621,0.5264,1.722,44.49,SN(L),1,W,W,W,BOR,-2.487,1195000,3.717,2.76E+19,0,DIV-III,1334000,1334000,0,596500,STANDARD,,3.12,EC,0
AUG,37909,2.69,LH,2.0000,1.622,0.5247,1.725,44.53,SN(L),1,W,W,W,BOR,-2.487,1196000,3.698,2.88E+19,0,DIV-III,1415000,1415000,0,811200,STANDARD,,3.12,EC,0
AUG,38104,1.56,LH,2.0000,1.623,0.5241,1.697,44.26,SN(L),1,W,W,W,BOR,-2.487,996400,4.304,3.53E+19,0,DIV-III,1334000,1310000,23480,487600,STANDARD,0.8835,1.57,NB,1
AUG,38170,2.46,LH,1.0000,1.633,0.5113,1.674,42.88,SN(L),1,W,W,W,BOR,-2.482,800800,4.983,4.38E+19,0,DIV-III,2605000,2424000,180900,882000,STANDARD,1.25,2.473,NBEC,0
AUG,38170,5.38,LH,1.0000,1.629,0.5169,1.631,42.54,SN(L),1,W,W,W,BOR,-2.482,796300,4.912,4.68E+19,0,DIV-III,2098000,2098000,0,667300,STANDARD,1.337142857,5.39,EC,1
AUG,38176,4.49,LHL,1.0000,1.626,0.5187,1.726,44.13,SN(L),1,W,W,W,BOR,-2.487,1157000,3.757,2.97E+19,0,DIV-III,2823000,2823000,0,953100,STANDARD,,4.82,EC,0
AUG,38176,4.76,LHL,1.0000,1.627,0.5165,1.722,44.01,SN(L),1,W,W,W,BOR,-2.487,1119000,3.851,2.93E+19,0,DIV-III,2954000,2954000,0,971300,STANDARD,,4.82,EC,0
AUG,38176,4.81,LH,1.0000,1.628,0.516,1.724,44.03,SN(L),1,W,W,W,BOR,-2.486,1113000,3.871,2.93E+19,0,DIV-III,2964000,2964000,0,1080000,STANDARD,,4.82,EC,0
AUG,38177,3.16,LHL,1.0000,1.626,0.5191,1.738,44.34,SN(L),1,W,W,W,BOR,-2.487,1197000,3.706,2.85E+19,0,DIV-III,3190000,3190000,0,964800,STANDARD,,3.273,EC,0
AUG,28843,1.607,LH,2.0000,1.621,0.5232,1.71,44.27,SN(L),1,W,W,W,BOR,-2.473,996100,4.286,4.78E+19,0,DIV-IId,1633000,1499000,118200,0,STANDARD,1.19475,1.617,NB,1
AUG,28869,1.641,LH,2.0000,1.623,0.5194,1.717,44.17,SN(L),1,W,W,W,BOR,-2.48,996200,4.271,4.86E+19,0,DIV-IId,1727000,1564000,145500,435400,STANDARD,1.21525,1.651,NB,1
AUG,29248,1.554,LH,2.0000,1.62,0.5216,1.715,44.31,SN(L),1,W,W,W,BOR,-2.501,996900,4.309,4.67E+19,0,DIV-IId,1606000,1499000,91380,317300,STANDARD,1.16825,1.564,NB,1
AUG,29367,1.547,LH,2.0000,1.617,0.524,1.706,44.27,SN(L),1,W,W,W,BOR,-2.497,997400,4.317,4.64E+19,0,DIV-IId,1587000,1488000,86750,345300,STANDARD,1.16025,1.557,NB,1
AUG,29417,1.553,LH,2.0000,1.614,0.5271,1.695,44.31,SN(L),1,W,W,W,BOR,-2.503,997900,4.334,4.64E+19,0,DIV-IId,1547000,1459000,75620,426800,STANDARD,1.16025,1.563,NB,1
AUG,29666,1.554,LH,2.0000,1.616,0.5248,1.703,44.25,SN(L),1,W,W,W,BOR,-2.518,997600,4.357,4.63E+19,0,DIV-IId,1494000,1403000,77800,371400,STANDARD,1.15775,1.564,NB,1
AUG,29756,1.555,LH,2.0000,1.62,0.5218,1.719,44.38,SN(L),1,W,W,W,BOR,-2.505,997600,4.327,4.52E+19,0,DIV-IId,1471000,1368000,90570,307900,STANDARD,1.12925,1.565,NB,1
AUG,29828,1.557,LH,2.0000,1.617,0.5252,1.703,44.31,SN(L),1,W,W,W,BOR,-2.485,998800,4.289,4.64E+19,0,DIV-IId,1475000,1386000,75110,333100,STANDARD,1.159,1.567,NB,1
AUG,30271,1.557,LH,2.0000,1.613,0.5242,1.708,44.22,SN(L),1,W,W,W,BOR,-2.459,1000000,4.364,4.63E+19,0,DIV-III,1632000,1570000,12340,487000,STANDARD,1.157,1.567,NB,1
AUG,32403,1.597,LH,2.0000,1.624,0.5248,1.696,44.31,SN(L),1,W,W,W,BOR,-2.488,991400,4.301,4.78E+19,0,DIV-III,1658000,1553000,105500,535600,STANDARD,1.1955,1.607,NB,1
AUG,33232,1.576,LH,2.0000,1.623,0.525,1.695,44.28,SN(L),1,W,W,W,BOR,-2.491,995900,4.299,5.01E+19,0,DIV-III,1531000,1453000,78210,424100,STANDARD,1.25275,1.586,NB,1
AUG,35125,1.604,LH,2.0000,1.626,0.5221,1.711,44.36,SN(L),1,W,W,W,BOR,-2.471,995700,4.3,4.71E+19,0,DIV-III,1535000,1474000,60600,460900,STANDARD,1.17625,1.614,NB,1
AUG,36126,1.576,LH,2.0000,1.627,0.521,1.713,44.33,SN(L),1,W,W,W,BOR,-2.451,994900,4.302,4.84E+19,0,DIV-III,1559000,1545000,13900,468400,STANDARD,1.21,1.586,NB,1
AUG,36749,1.984,LH,1.0000,1.623,0.5201,1.702,43.69,SN(L),1,W,W,W,BOR,-2.444,996100,4.31,5.80E+19,0,DIV-III,3577000,3511000,66420,0,STANDARD,1.449,1.994,NB,1
AUG,36937,1.508,LH,2.0000,1.62,0.5259,1.69,44.17,SN(L),1,W,W,W,BOR,-2.486,996300,4.3,4.99E+19,0,DIV-III,1755000,1741000,13480,512600,STANDARD,1.24775,1.518,NBEC,1
AUG,37167,1.59,LH,2.0000,1.622,0.524,1.699,44.24,SN(L),1,W,W,W,BOR,-2.477,994900,4.315,4.76E+19,0,DIV-III,1615000,1594000,21820,481900,STANDARD,1.1895,1.6,NB,1
AUG,37240,1.556,LH,2.0000,1.622,0.5248,1.694,44.17,SN(L),1,W,W,W,BOR,-2.482,995500,4.3,3.48E+19,0,DIV-III,1441000,1415000,25510,467700,STANDARD,0.8695,1.566,NB,0
AUG,37423,1.57,LH,2.0000,1.626,0.5239,1.72,44.38,SN(L),1,W,W,W,BOR,-2.488,1003000,4.35,3.31E+19,0,DIV-III,1694000,1665000,28870,595600,STANDARD,0.82825,1.58,NB,0
AUG,37424,1.538,LH,2.0000,1.627,0.5218,1.726,44.39,SN(L),1,W,W,W,BOR,-2.487,998200,4.352,3.33E+19,0,DIV-III,1517000,1499000,17850,525300,STANDARD,0.832,1.548,NB,0
AUG,37480,1.599,LH,2.0000,1.627,0.5188,1.715,44.25,SN(L),1,W,W,W,BOR,-2.489,995700,4.314,3.25E+19,0,DIV-III,1479000,1439000,40240,0,STANDARD,0.81225,1.609,NB,0
AUG,37487,1.601,LH,2.0000,1.623,0.5222,1.7,44.11,SN(L),1,W,W,W,BOR,-2.48,996300,4.325,3.27E+19,0,DIV-III,1448000,1405000,42640,517600,STANDARD,0.8165,1.611,NB,0
AUG,37495,1.597,LH,2.0000,1.623,0.5229,1.699,44.11,SN(L),1,W,W,W,BOR,-2.486,995700,4.321,3.33E+19,0,DIV-III,1408000,1373000,34410,606400,STANDARD,0.83125,1.607,NB,0
AUG,37503,1.56,LH,2.0000,1.622,0.5236,1.698,44.17,SN(L),1,W,W,W,BOR,-2.481,995700,4.304,3.36E+19,0,DIV-III,1422000,1394000,27780,548300,STANDARD,0.83875,1.57,NB,0
AUG,37560,1.538,LH,2.0000,1.619,0.5268,1.686,44.17,SN(L),1,W,W,W,BOR,-2.482,995800,4.307,3.35E+19,0,DIV-III,1405000,1378000,27320,482700,STANDARD,0.83675,1.548,NB,0
AUG,37611,1.596,LH,2.0000,1.622,0.5234,1.695,44.11,SN(L),1,W,W,W,BOR,-2.488,995700,4.327,3.41E+19,0,DIV-III,1477000,1437000,40120,575100,STANDARD,0.85325,1.606,NB,0
AUG,37628,1.594,LH,2.0000,1.623,0.5223,1.701,44.13,SN(L),1,W,W,W,BOR,-2.48,996100,4.306,3.42E+19,0,DIV-III,1456000,1419000,36600,500700,STANDARD,0.8545,1.604,NB,0
AUG,37751,1.559,LH,2.0000,1.623,0.526,1.685,44.32,SN(L),1,W,W,W,BOR,-2.487,996100,4.316,3.54E+19,0,DIV-III,1399000,1376000,23340,445000,STANDARD,0.885,1.569,NB,1
AUG,37776,1.601,LH,2.0000,1.625,0.5215,1.703,43.96,SN(L),1,W,W,W,BOR,-2.48,996100,4.387,3.40E+19,0,DIV-III,1545000,1513000,32650,525400,STANDARD,0.84975,1.611,NB,0
AUG,37811,1.538,LH,2.0000,1.624,0.5244,1.7,44.39,SN(L),1,W,W,W,BOR,-2.482,995800,4.317,3.51E+19,0,DIV-III,1360000,1337000,22570,451600,STANDARD,0.878,1.548,NB,1
AUG,37829,1.582,LH,2.0000,1.623,0.524,1.698,44.21,SN(L),1,W,W,W,BOR,-2.482,995700,4.332,3.45E+19,0,DIV-III,1383000,1351000,32350,544000,STANDARD,0.862,1.592,NB,0
AUG,37933,1.538,LH,2.0000,1.623,0.5256,1.695,44.35,SN(L),1,W,W,W,BOR,-2.479,996000,4.309,3.37E+19,0,DIV-III,1437000,1412000,24660,571400,STANDARD,0.8435,1.548,NB,0
AUG,38325,1.596,LH,2.0000,1.623,0.5247,1.701,44.35,SN(L),1,W,W,W,BOR,-2.498,995700,4.318,4.78E+19,0,DIV-III,1558000,1537000,21030,454300,STANDARD,1.195,1.606,NB,1
AUG,38394,1.588,LH,2.0000,1.624,0.5221,1.706,44.23,SN(L),1,W,W,W,BOR,-2.503,995300,4.302,4.83E+19,0,DIV-III,1556000,1535000,21590,450300,STANDARD,1.20675,1.598,NB,1
AUG,38466,1.592,LH,2.0000,1.627,0.5221,1.711,44.38,SN(L),1,W,W,W,BOR,-2.505,995800,4.307,4.81E+19,0,DIV-III,1552000,1532000,20470,405000,STANDARD,1.203,1.602,NB,1
AUG,39724,1.85,LH,1.0000,1.631,0.5138,1.712,43.52,SN(L),1,W,W,W,BOR,-2.503,996800,4.203,4.82E+19,0,DIV-III,3985000,3890000,94700,778700,STANDARD,1.2055,1.86,NB,1
AUG,39758,1.82,LH,1.0000,1.628,0.5188,1.714,44.13,SN(L),1,W,W,W,BOR,-2.497,997500,4.315,4.68E+19,0,DIV-III,3496000,3419000,77430,767600,STANDARD,1.17,1.83,NB,1
AUG,40024,1.588,LH,2.0000,1.628,0.5226,1.719,44.88,SN(L),1,W,W,W,BOR,-2.506,996000,4.375,4.91E+19,0,DIV-III,1594000,1577000,16590,381300,STANDARD,1.22625,1.598,NB,1
AUG,28133,1.301,LHblip,2.0000,1.659,0.482,1.744,42.47,SN(L),1,W,W,W,BOR,-2.289,605300,5.331,2.58E+19,0,DIV-IId,950000,950000,91130,323300,STANDARD,1.032,1.306,NBEC,1
AUG,28133,3.028,LHblip,2.0000,1.621,0.5229,1.709,44.08,SN(L),1,W,W,W,BOR,-2.288,599300,6.739,2.69E+19,0,DIV-IId,880000,880000,0,411800,STANDARD,1.076,3.033,EC,1
AUG,36981,2.76,LH,2.0000,1.609,0.5395,1.659,43.98,SN(L),1,W,W,W,BOR,-2.482,796100,5.672,4.79E+19,0,DIV-III,1250000,1250000,39100,421300,STANDARD,1.595,2.77,NBEC,1
AUG,38110,3.56,LH,2.0000,1.623,0.5234,1.628,42.82,SN(L),1,W,W,W,BOR,-2.481,796700,4.98,3.77E+19,0,DIV-III,1180000,1180000,32830,444700,STANDARD,1.255666667,3.57,NBEC,1
AUG,41219,2.54,LH,2.0000,1.625,0.509,1.693,42.89,SN(L),1,W,W,W,BOR,-2.976,794700,6.046,3.70E+19,0,DIV-III,1253000,1231000,22180,335900,STANDARD,1.232333333,2.55,NB,1
AUG,41234,2.225,LH,2.0000,1.626,0.506,1.705,42.76,SN(L),1,W,W,W,BOR,-2.386,795200,4.832,3.70E+19,0,DIV-III,996100,984800,11290,0,STANDARD,1.232333333,2.235,NB,1
JET,84515,55.78,LH,1.9940,2.87944,0.949358,1.64217,138.948,SN(B),1,Be,W,Be,NONE,-1.79605,-1648450,3.35857,2.31E+19,1,MkII-HD,1510430,1510430,0,134382,V5,0,55.815,NB,1
JET,87388,49.645,LH,1.9180,2.87353,0.945414,1.69582,141.637,SN(B),1,Be,W,Be,NONE,-3.6848,-3942340,3.01755,5.26E+19,-,MkII-HD,12286400,12202500,83948.5,-,CORNER,0,49.68,NBIC,1
JET,87481,49.825,LH,1.9530,2.85668,0.966393,1.65014,140.905,SN(B),1,Be,W,Be,NONE,-1.28971,-1358900,3.07935,1.92E+19,-,MkII-HD,1994790,1872740,122041,-,CORNER,0,49.86,NB,1
JET,87482,47.463,LH,1.9170,2.86533,0.967314,1.65271,141.642,SN(B),1,Be,W,Be,NONE,-1.91676,-2065290,3.00639,2.40E+19,1.06396,MkII-HD,3847980,3721680,126296,-,CORNER,0,47.498,NB,1
JET,87483,48.818,LH,1.8880,2.88515,0.948551,1.68391,142.006,SN(B),1,Be,W,Be,NONE,-3.22555,-3442770,2.97417,3.15E+19,1.17347,MkII-HD,9141670,9033470,108203,-,CORNER,0,48.853,NBIC,1
JET,87538,53.995,LH,1.9810,2.88522,0.951266,1.6359,139.179,SN(B),1,Be,W,Be,NONE,-2.38956,-1960510,3.76206,3.24E+19,-,MkII-HD,4741740,4741740,0,-,V5,0,54.03,NB,1
JET,87595,57.645,LH,1.9760,2.90131,0.906305,1.69617,137.28,SN(B),1,Be,W,Be,NONE,-2.98878,-2460340,3.48346,3.32E+19,1.23506,MkII-HD,7965140,7788420,176715,-,VT,0,57.68,NB,1
JET,87870,58.57,LH,1.0290,2.90115,0.94083,1.646,139.08,SN(B),1,Be,W,Be,NONE,-1.78974,-1654930,3.28043,2.78E+19,-,MkII-HD,5450190,5450190,0,-,V5,0,58.605,IC,0
JET,87871,58.907,LH,1.0220,2.90045,0.94228,1.64228,139.066,SN(B),1,Be,W,Be,NONE,-1.7897,-1651660,3.2844,3.13E+19,-,MkII-HD,5334380,5334380,0,-,V5,0,58.942,IC,1
JET,87872,58.961,LH,1.0180,2.90605,0.940093,1.64599,139.302,SN(B),1,Be,W,Be,NONE,-1.79042,-1656920,3.2684,2.47E+19,1.20455,MkII-HD,5744200,5744200,0,-,V5,0,58.996,IC,0
JET,87874,58.525,LH,1.0160,2.90301,0.945934,1.6398,139.531,SN(B),1,Be,W,Be,NONE,-1.79003,-1654120,3.30301,3.41E+19,-,MkII-HD,6482820,6482820,0,-,V5,0,58.56,IC,1
JET,87875,57.919,LH,1.0100,2.90525,0.943206,1.64471,139.595,SN(B),1,Be,W,Be,NONE,-1.78933,-1659830,3.28095,2.63E+19,-,MkII-HD,5938120,5938120,0,-,V5,0,57.954,IC,0
JET,87877,57.526,LH,1.0220,2.90226,0.946073,1.63947,139.563,SN(B),1,Be,W,Be,NONE,-1.79018,-1655730,3.29263,2.90E+19,1.20537,MkII-HD,5158850,5158850,0,-,V5,0,57.561,IC,0
JET,87879,56.111,LH,1.0220,2.89567,0.952309,1.62758,139.326,SN(B),1,Be,W,Be,NONE,-1.78966,-1158020,4.72866,2.32E+19,-,MkII-HD,3577550,3577550,0,-,V5,0,56.146,IC,0
JET,90478,54.025,LH,1.9120,2.88959,0.949162,1.62281,138.534,SN(B),1,Be,W,Be,NONE,-2.39935,-1949050,3.71293,2.95E+19,1.41615,MkII-HD,2109670,2109670,0,557584,V5L,0,54.06,IC,1
JET,90482,55.323,LH,1.8780,2.88858,0.949583,1.62048,138.347,SN(B),1,Be,W,Be,NONE,-2.39945,-1950090,3.70229,2.55E+19,1.62262,MkII-HD,2973950,2973950,0,1030710,V5L,0,55.358,IC,1
JET,90487,56.06,LH,1.9600,2.90032,0.931925,1.66921,138.741,SN(B),1,Be,W,Be,NONE,-2.9038,-2461690,3.53245,2.36E+19,2.07845,MkII-HD,8177420,7917310,260101,2085480,CORNER,0,56.095,NB,0
JET,90499,52.165,LH,1.9540,2.90418,0.92954,1.67016,138.588,SN(B),1,Be,W,Be,NONE,-2.93057,-2173560,4.02222,2.22E+19,2.04495,MkII-HD,6848600,6602230,246368,-,CORNER,0,52.2,NB,0
JET,91015,56.711,LH,1.0450,2.88927,0.947187,1.63899,138.675,SN(B),1,Be,W,Be,NONE,-1.77057,-1654390,3.22608,3.31E+19,-,MkII-HD,5877660,5877660,0,1096250,V5,0,56.746,IC,1
JET,91115,55.314,LH,1.0040,2.88846,0.94823,1.63837,138.744,SN(B),1,Be,W,Be,NONE,-1.77058,-1657170,3.22548,3.23E+19,1.0569,MkII-HD,5974350,5974350,0,571093,V5,0,55.349,IC,1
JET,91447,54.39,LH,1.0140,2.8982,0.941124,1.65436,139.242,SN(B),1,Be,W,Be,NONE,-1.77203,-1666060,3.21155,3.08E+19,-,MkII-HD,7524670,7165300,359368,454722,V5,0,54.425,NB,0
JET,91466,55.217,LH,1.0130,2.90143,0.937482,1.65779,138.854,SN(B),1,Be,W,Be,NONE,-1.77092,-1664910,3.19446,2.98E+19,-,MkII-HD,8644400,8196060,448341,490053,V5,0,55.252,NB,0
JET,91468,55.341,LH,1.0120,2.90336,0.938158,1.65935,139.286,SN(B),1,Be,W,Be,NONE,-1.77072,-1672300,3.18736,2.79E+19,-,MkII-HD,8683460,8235250,448209,534621,V5,0,55.376,NBIC,0
JET,91469,55.092,LH,1.0140,2.90217,0.938003,1.66161,139.476,SN(B),1,Be,W,Be,NONE,-1.77098,-1676220,3.19881,2.72E+19,-,MkII-HD,8250720,7795350,455368,527284,V5,0,55.127,NBIC,0
JET,91470,55.329,LH,1.0130,2.90066,0.94047,1.64992,139.053,SN(B),1,Be,W,Be,NONE,-1.77065,-1666580,3.18654,3.05E+19,-,MkII-HD,8820260,8383480,436783,621960,V5,0,55.364,NBIC,0
JET,91512,54.337,LH,1.0140,2.91582,0.924551,1.68228,138.899,SN(B),1,Be,W,Be,NONE,-1.7714,-1672780,3.09237,1.87E+19,-,MkII-HD,6695850,6240500,455355,476952,CORNER,0,54.372,NB,1
JET,91513,55.572,LH,1.0130,2.92011,0.922764,1.68534,139.024,SN(B),1,Be,W,Be,NONE,-1.76806,-1670580,3.09266,2.39E+19,-,MkII-HD,8895450,8364910,530545,208520,CORNER,0,55.607,NB,1
JET,91515,56.439,LH,1.0150,2.91825,0.922493,1.685,138.898,SN(B),1,Be,W,Be,NONE,-1.77016,-1668530,3.09735,2.36E+19,-,MkII-HD,8359350,7863110,496238,362717,CORNER,0,56.474,NB,1
JET,91516,56.161,LH,1.0140,2.91788,0.924425,1.68048,138.819,SN(B),1,Be,W,Be,NONE,-1.77043,-1667080,3.08993,1.96E+19,-,MkII-HD,7641200,7104410,536793,570410,CORNER,0,56.196,NB,1
JET,91593,56.92,LH,1.0110,2.91025,0.929228,1.67153,138.462,SN(B),1,Be,W,Be,NONE,-1.76866,-1664390,3.1062,1.68E+19,-,MkII-HD,6654530,6363480,291044,1169560,CORNER,0,56.955,NBIC,1
JET,91594,54.65,LH,1.0120,2.90086,0.938564,1.65297,138.704,SN(B),1,Be,W,Be,NONE,-1.77107,-1665710,3.18886,3.96E+19,-,MkII-HD,10475000,10089800,385208,782731,V5,0,54.685,NBIC,1
JET,91594,59.232,LH,1.0150,2.92043,0.921707,1.68393,138.798,SN(B),1,Be,W,Be,NONE,-1.76981,-1660450,3.1012,2.86E+19,-,MkII-HD,10480800,10006200,474560,725229,CORNER,0,59.267,NBIC,1
JET,91595,54.765,LH,1.0100,2.90531,0.935386,1.66102,139.173,SN(B),1,Be,W,Be,NONE,-1.76971,-1669900,3.1729,2.52E+19,1.12371,MkII-HD,8591150,8145880,445273,739458,V5,0,54.8,NBIC,0
JET,91595,59.318,LH,1.0110,2.91341,0.927847,1.67737,138.926,SN(B),1,Be,W,Be,NONE,-1.76906,-1663390,3.1129,1.63E+19,-,MkII-HD,6919500,6528960,390548,984571,CORNER,0,59.353,NBIC,1
JET,91596,55.179,LH,1.0210,2.91694,0.924803,1.68029,138.848,SN(B),1,Be,W,Be,NONE,-1.76943,-1664670,3.11367,3.85E+19,-,MkII-HD,11660400,11286900,373493,737553,CORNER,0,55.214,NBIC,1
JET,91596,59.251,LH,1.0210,2.91857,0.92251,1.68217,138.669,SN(B),1,Be,W,Be,NONE,-1.76904,-1661730,3.10053,3.21E+19,-,MkII-HD,10758600,10316700,441927,743530,CORNER,0,59.286,NBIC,1
JET,91597,54.625,LH,1.0140,2.89734,0.936939,1.66234,138.999,SN(B),1,Be,W,Be,NONE,-1.77045,-1673170,3.20612,3.89E+19,-,MkII-HD,9126050,8827160,298897,-,V5,0,54.66,NBIC,1
JET,91597,59.338,LH,1.0150,2.9193,0.92116,1.68267,138.522,SN(B),1,Be,W,Be,NONE,-1.76922,-1663870,3.09267,3.05E+19,-,MkII-HD,10349300,9914830,434447,671822,CORNER,0,59.373,NBIC,1
JET,91598,54.874,LH,1.0130,2.91953,0.923443,1.68727,139.266,SN(B),1,Be,W,Be,NONE,-1.77016,-1671220,3.10267,2.17E+19,-,MkII-HD,9512790,8997510,515281,1002540,CORNER,0,54.909,NBIC,1
JET,91599,54.742,LH,1.0140,2.89757,0.941143,1.64961,138.879,SN(B),1,Be,W,Be,NONE,-1.76966,-1662630,3.19728,3.59E+19,-,MkII-HD,8629530,8305010,324515,767300,V5,0,54.777,NBIC,1
JET,91601,54.655,LH,1.0110,2.89923,0.939987,1.6517,138.946,SN(B),1,Be,W,Be,NONE,-1.7703,-1665910,3.18529,2.27E+19,-,MkII-HD,7784400,7357390,427010,601475,V5,0,54.69,NBIC,0
JET,91603,53.915,LH,1.0120,2.89942,0.939418,1.65542,139.109,SN(B),1,Be,W,Be,NONE,-1.77066,-1668720,3.20182,3.29E+19,-,MkII-HD,8744280,8333860,410412,-,V5,0,53.95,NBIC,1
JET,91603,59.368,LH,1.0150,2.91812,0.923237,1.68264,138.839,SN(B),1,Be,W,Be,NONE,-1.76899,-1660550,3.11091,2.63E+19,-,MkII-HD,9755940,9334570,421374,1183750,CORNER,0,59.403,NBIC,1
JET,91604,52.83,LH,1.0110,2.89443,0.944838,1.64435,138.967,SN(B),1,Be,W,Be,NONE,-1.77042,-1661910,3.21315,3.38E+19,-,MkII-HD,8405660,8130890,274776,1190880,V5,0,52.865,NBIC,1
JET,91604,59.594,LH,1.0140,2.91674,0.922951,1.68431,138.798,SN(B),1,Be,W,Be,NONE,-1.76903,-1661420,3.11639,2.62E+19,-,MkII-HD,9065250,8675680,389569,857331,CORNER,0,59.629,NBIC,1
JET,91605,53.816,LH,1.0130,2.89087,0.947398,1.6413,139.021,SN(B),1,Be,W,Be,NONE,-1.77037,-1663550,3.22186,3.36E+19,-,MkII-HD,8127660,7959930,167727,1134290,V5,0,53.851,NBIC,1
JET,91606,51.878,LH,1.0130,2.88935,0.949349,1.63467,138.724,SN(B),1,Be,W,Be,NONE,-1.77096,-1659970,3.21039,3.27E+19,-,MkII-HD,8034850,8034850,0,2063500,V5,0,51.913,IC,1
JET,91606,59.421,LH,1.0180,2.91707,0.925032,1.68165,138.913,SN(B),1,Be,W,Be,NONE,-1.76865,-1663330,3.11801,2.97E+19,-,MkII-HD,9973010,9607740,365269,983974,CORNER,0,59.456,NBIC,1
JET,91665,52.851,LH,1.0100,2.8969,0.943013,1.64936,139.168,SN(B),1,Be,W,Be,NONE,-1.77046,-1667680,3.20368,3.35E+19,-,MkII-HD,7570060,7225790,344265,536292,V5,0,52.886,NBIC,1
JET,91665,59.297,LH,1.0150,2.91881,0.921579,1.68388,138.681,SN(B),1,Be,W,Be,NONE,-1.76848,-1663200,3.09425,2.62E+19,-,MkII-HD,9375580,8948870,426713,767854,CORNER,0,59.332,NBIC,1
JET,91666,53.846,LH,1.0090,2.90327,0.936282,1.66155,139.229,SN(B),1,Be,W,Be,NONE,-1.77025,-1671730,3.18401,2.55E+19,-,MkII-HD,8169270,7735730,433540,-,V5,0,53.881,NBIC,0
JET,91666,57.715,LH,1.0120,2.9099,0.92944,1.67288,138.778,SN(B),1,Be,W,Be,NONE,-1.76879,-1655890,3.10994,1.41E+19,-,MkII-HD,3165310,3046120,119190,-,CORNER,0,57.75,NBIC,1
JET,91668,53.615,LH,1.0120,2.91754,0.922195,1.68898,138.85,SN(B),1,Be,W,Be,NONE,-1.7703,-1425020,3.6408,1.85E+19,-,MkII-HD,7162730,6648010,514720,502911,CORNER,0,53.65,NBIC,1
JET,91668,58.868,LH,1.0130,2.92227,0.922339,1.68727,139.163,SN(B),1,Be,W,Be,NONE,-1.76882,-1420910,3.6326,1.83E+19,1.4529,MkII-HD,7691290,7037950,653341,-,CORNER,0,58.903,NBIC,1
JET,91738,55.975,LH,1.0080,2.92854,0.89893,1.71119,137.651,SN(B),1,Be,W,Be,NONE,-1.76927,-1663670,2.93801,1.97E+19,1.28509,MkII-HD,6707750,6395710,312046,1349850,VT,0,56.01,NBIC,1
JET,91739,55.32,LH,1.0160,2.93716,0.891824,1.72452,137.718,SN(B),1,Be,W,Be,NONE,-1.76936,-1667080,2.92142,2.48E+19,1.30167,MkII-HD,9163610,8724370,439237,1364440,VT,0,55.355,NBIC,1
JET,91740,55.864,LH,1.0160,2.93609,0.893719,1.72073,137.745,SN(B),1,Be,W,Be,NONE,-1.76929,-1665570,2.92731,2.50E+19,1.2659,MkII-HD,9042820,8645040,397783,1460810,VT,0,55.899,NBIC,1
JET,91741,54.776,LH,1.0110,2.92988,0.899185,1.71065,137.688,SN(B),1,Be,W,Be,NONE,-1.77047,-1664340,2.93446,1.81E+19,1.26499,MkII-HD,7456360,6943690,512665,740112,VT,0,54.811,NBIC,1
JET,94027,52.495,LH,1.9460,2.87351,0.950956,1.59027,135.528,SN(B),1,Be,W,Be,NONE,-2.43063,-1958830,3.65529,3.78E+19,1.35474,MkII-HD,4319110,4319110,0,-,V5E,0,52.53,IC,1
JET,94028,51.005,LH,1.9680,2.88022,0.957053,1.62433,138.744,SN(B),1,Be,W,Be,NONE,-2.43317,-1959480,3.77861,3.49E+19,-,MkII-HD,3735550,3735550,0,-,V5,0,51.04,IC,1
JET,94028,52.545,LH,1.9560,2.88085,0.957313,1.62449,138.866,SN(B),1,Be,W,Be,NONE,-2.42996,-1958020,3.76807,3.03E+19,-,MkII-HD,4393650,4393650,0,-,V5,0,52.58,IC,1
JET,94031,52.085,LH,1.9750,2.88403,0.95561,1.58745,136.941,SN(B),1,Be,W,Be,NONE,-2.43096,-1958410,3.60898,3.55E+19,-,MkII-HD,4806770,4806770,0,-,V5C,0,52.12,IC,1
JET,94032,51.225,LH,1.9790,2.87199,0.956838,1.62149,138.158,SN(B),1,Be,W,Be,NONE,-2.96001,-2458470,3.66594,3.83E+19,-,MkII-HD,4424270,4424270,0,-,V5,0,51.26,IC,1
JET,94033,49.895,LH,1.9920,2.88058,0.951104,1.6346,138.603,SN(B),1,Be,W,Be,NONE,-2.95589,-2454550,3.65774,4.27E+19,-,MkII-HD,5602720,5506330,96390.4,-,V5,0,49.93,NB,1
JET,94114,52.285,LH,1.9880,2.88272,0.946717,1.64101,138.36,SN(B),1,Be,W,Be,NONE,-2.95985,-2458950,3.65412,5.11E+19,-,MkII-HD,7161690,7036120,125574,-,V5,0,52.32,NB,1
JET,94115,51.815,LH,1.9760,2.88384,0.953607,1.59213,137.095,SN(B),1,Be,W,Be,NONE,-2.43143,-1959890,3.62199,3.59E+19,-,MkII-HD,4539650,4539650,0,1219320,V5C,0,51.85,IC,1
JET,94116,50.585,LH,1.9790,2.87129,0.94804,1.60933,136.012,SN(B),1,Be,W,Be,NONE,-2.43261,-1960020,3.72244,3.72E+19,-,MkII-HD,3846360,3846360,0,1045470,V5E,0,50.62,IC,1
JET,94117,50.815,LH,1.9810,2.8801,0.955043,1.63057,138.996,SN(B),1,Be,W,Be,NONE,-2.43273,-1964230,3.79778,3.64E+19,-,MkII-HD,3882170,3882170,0,-,V5,0,50.85,IC,1
JET,94118,55.044,LH,1.9770,2.90893,0.920522,1.66934,137.324,SN(B),1,Be,W,Be,NONE,-2.42881,-1965670,3.48995,3.60E+19,-,MkII-HD,6261830,6261830,0,2004770,VT,0,55.079,IC,1
JET,94118,57.195,LH,1.9770,2.91082,0.918589,1.67281,137.404,SN(B),1,Be,W,Be,NONE,-2.42699,-1963780,3.48639,3.32E+19,-,MkII-HD,6608540,6608540,0,2183520,VT,0,57.23,IC,1
JET,94118,55.811,LH,1.9750,2.9092,0.919297,1.66979,137.243,SN(B),1,Be,W,Be,NONE,-2.42925,-1964700,3.47664,3.50E+19,-,MkII-HD,6160020,6160020,0,2159960,VT,0,55.846,IC,1
JET,94119,49.825,LH,1.9950,2.88187,0.94901,1.64174,138.856,SN(B),1,Be,W,Be,NONE,-2.95462,-2462460,3.66179,3.77E+19,-,MkII-HD,4959920,4863510,96408.3,-,V5,0,49.86,NB,1
JET,94120,49.745,LH,1.9970,2.88108,0.948254,1.63941,138.518,SN(B),1,Be,W,Be,NONE,-2.94916,-2457800,3.65266,3.80E+19,1.26807,MkII-HD,4662290,4566130,96166.5,292667,V5,0,49.78,NB,1
JET,94121,51.065,LH,1.9770,2.87874,0.950121,1.63772,138.599,SN(B),1,Be,W,Be,NONE,-2.96183,-2469620,3.65864,2.23E+19,-,MkII-HD,4869700,4693070,176629,429557,V5,0,51.1,NB,0
JET,94123,51.065,LH,1.9970,2.88434,0.946331,1.64307,138.732,SN(B),1,Be,W,Be,NONE,-2.96262,-2469420,3.63927,2.76E+19,-,MkII-HD,5599810,5438880,160923,330456,V5,0,51.1,NB,0
JET,94124,50.545,LH,1.9890,2.87162,0.950034,1.60546,136.133,SN(B),1,Be,W,Be,NONE,-2.43301,-1960660,3.7096,3.79E+19,-,MkII-HD,3785320,3785320,0,-,V5E,0,50.58,IC,1
JET,94125,50.045,LH,1.9840,2.87084,0.949148,1.60761,136.17,SN(B),1,Be,W,Be,NONE,-2.43479,-1961370,3.72555,3.59E+19,-,MkII-HD,3005670,3005670,0,771638,V5E,0,50.08,IC,1
JET,94126,51.115,LH,1.9880,2.88091,0.957416,1.62907,139.059,SN(B),1,Be,W,Be,NONE,-2.43309,-1964310,3.79896,3.71E+19,-,MkII-HD,3667460,3667460,0,-,V5,0,51.15,IC,1
JET,95010,47.675,LH,1.9870,2.90164,0.94338,1.6086,137.25,SN(B),1,Be,W,Be,NONE,-1.79632,-1670360,3.0907,3.43E+19,1.28342,MkII-HD,2516670,2516670,0,-,V5L,0,47.71,IC,1
JET,95303,55.785,LH,1.9850,2.88632,0.952828,1.63623,139.206,SN(B),1,Be,W,Be,NONE,-2.42018,-1957330,3.78567,3.79E+19,-,MkII-HD,4559460,4408970,150496,-,V5,0,55.82,NB,1
JET,95304,56.045,LH,1.9890,2.88678,0.952153,1.63816,139.18,SN(B),1,Be,W,Be,NONE,-2.42081,-1958030,3.79106,3.97E+19,-,MkII-HD,4388670,4275830,112844,-,V5,0,56.08,NB,1
JET,95307,51.915,LH,1.9990,2.88387,0.949734,1.64042,138.973,SN(B),1,Be,W,Be,NONE,-2.95664,-2464300,3.66236,3.25E+19,-,MkII-HD,4865610,4750340,115271,-,V5,0,51.95,NB,1
JET,95307,52.035,LH,2.0000,2.88393,0.948998,1.64205,138.822,SN(B),1,Be,W,Be,NONE,-2.95617,-2468150,3.65845,3.33E+19,-,MkII-HD,4768880,4655310,113568,-,V5,0,52.07,NB,1
JET,95308,52.145,LH,2.0010,2.87852,0.954192,1.63382,138.793,SN(B),1,Be,W,Be,NONE,-2.95553,-2466860,3.67112,2.30E+19,-,MkII-HD,4483590,4356480,127115,-,V5,0,52.18,NB,0
JET,95309,52.555,LH,1.9990,2.87859,0.95434,1.63336,138.829,SN(B),1,Be,W,Be,NONE,-2.95676,-2464800,3.67524,2.27E+19,-,MkII-HD,5054320,4912030,142293,-,V5,0,52.59,NB,0
JET,95310,54.765,LH,1.9880,2.88593,0.954441,1.63695,139.441,SN(B),1,Be,W,Be,NONE,-2.41998,-1958430,3.80426,4.33E+19,-,MkII-HD,4485160,4379260,105900,-,V5,0,54.8,NB,1
JET,95312,55.625,LH,1.9920,2.88792,0.952407,1.64032,139.26,SN(B),1,Be,W,Be,NONE,-2.42034,-1956630,3.80893,4.75E+19,-,MkII-HD,5405880,5256810,149071,-,V5,0,55.66,NB,1
JET,95467,53.925,LH,1.9990,2.88464,0.947387,1.63993,138.535,SN(B),1,Be,W,Be,NONE,-2.95592,-2460370,3.65605,5.40E+19,-,MkII-HD,6830650,6719010,111648,-,V5,0,53.96,NB,1
JET,95468,52.125,LH,1.9980,2.88797,0.964619,1.6493,141.673,SN(B),1,Be,W,Be,NONE,-1.7965,-1659510,3.38904,2.29E+19,-,MkII-HD,3178130,3028520,149609,354920,CORNER,0,52.16,NB,1
JET,95469,50.985,LH,2.0000,2.88459,0.968417,1.64264,141.489,SN(B),1,Be,W,Be,NONE,-1.7965,-1659260,3.39132,1.86E+19,-,MkII-HD,3321610,3258140,63473,-,CORNER,0,51.02,NBIC,1
JET,95469,60.055,LH,1.9940,2.8831,0.968064,1.6432,141.23,SN(B),1,Be,W,Be,NONE,-1.79429,-1658180,3.41238,2.59E+19,-,MkII-HD,4009890,3956590,53296.3,-,CORNER,0,60.09,NBIC,1
JET,95471,52.615,LH,1.9980,2.88394,0.968229,1.64257,141.277,SN(B),1,Be,W,Be,NONE,-1.7967,-1662700,3.40744,3.15E+19,-,MkII-HD,4888700,4840710,47992.9,-,CORNER,0,52.65,NBIC,1
JET,95471,60.875,LH,1.9990,2.88389,0.966344,1.64503,141.147,SN(B),1,Be,W,Be,NONE,-1.79492,-1656450,3.42204,3.28E+19,-,MkII-HD,5078870,5042430,36443.5,-,CORNER,0,60.91,NBIC,1
JET,95472,54.075,LH,1.9990,2.88531,0.967132,1.64384,141.363,SN(B),1,Be,W,Be,NONE,-1.7946,-1661510,3.40521,3.68E+19,-,MkII-HD,6103450,6059240,44208.8,-,CORNER,0,54.11,NBIC,1
JET,95472,62.675,LH,2.0030,2.88373,0.966086,1.64573,141.067,SN(B),1,Be,W,Be,NONE,-1.79551,-1655960,3.43494,3.78E+19,-,MkII-HD,6476970,6435120,41846.2,-,CORNER,0,62.71,NBIC,1
JET,95473,52.885,LH,2.0120,2.87724,0.954492,1.63131,138.702,SN(B),1,Be,W,Be,NONE,-2.9591,-2470260,3.66608,2.22E+19,-,MkII-HD,5361000,5198520,162483,-,V5,0,52.92,NB,0
JET,95474,48.405,LH,2.0100,2.87798,0.96864,1.64355,141.249,SN(B),1,Be,W,Be,NONE,-2.43218,-1966160,3.89511,2.36E+19,-,MkII-HD,3794920,3607930,186981,-,CORNER,0,48.44,NB,1
JET,95474,59.225,LH,2.0050,2.88035,0.96611,1.64648,141.094,SN(B),1,Be,W,Be,NONE,-2.42351,-1962370,3.90993,3.63E+19,-,MkII-HD,7246380,6978440,267945,-,CORNER,0,59.26,NB,1
JET,95475,48.355,LH,2.0050,2.88007,0.966011,1.64895,141.367,SN(B),1,Be,W,Be,NONE,-2.434,-1976800,3.89119,3.01E+19,-,MkII-HD,5259080,5045370,213710,303642,CORNER,0,48.39,NB,1
JET,95542,53.045,LH,1.9980,2.8792,0.957182,1.66472,141.191,SN(B),1,Be,W,Be,NONE,-2.80299,-2955250,2.97991,4.90E+19,-,MkII-HD,8503270,8352440,150830,-,CORNER,0,53.08,NB,1
JET,95543,53.665,LH,1.9970,2.87941,0.956833,1.66477,141.145,SN(B),1,Be,W,Be,NONE,-2.8037,-2954280,2.98877,5.75E+19,-,MkII-HD,10299000,10170000,129062,-,CORNER,0,53.7,NB,1
JET,96288,53.565,LH,1.9800,2.88187,0.95952,1.62706,139.288,SN(B),1,Be,W,Be,NONE,-2.42719,-1958610,3.81307,3.40E+19,-,MkII-HD,3681540,3681540,0,-,V5,0,53.6,IC,1
JET,96289,58.545,LH,1.9600,2.87064,0.967531,1.61791,139.277,SN(B),1,Be,W,Be,NONE,-2.42711,-1950420,3.86708,2.31E+19,1.7297,MkII-HD,6224480,5905670,318813,-,V5,0,58.58,NBIC,0
JET,96290,54.655,LH,1.9730,2.88371,0.958233,1.62627,139.223,SN(B),1,Be,W,Be,NONE,-2.42814,-1957480,3.79263,2.69E+19,-,MkII-HD,3487080,3487080,0,-,V5,0,54.69,IC,0
JET,96290,57.295,LH,1.9780,2.884,0.957361,1.62786,139.115,SN(B),1,Be,W,Be,NONE,-2.42679,-1961190,3.79549,2.50E+19,-,MkII-HD,4316790,4316790,0,-,V5,0,57.33,IC,0
JET,96290,58.695,LH,1.9740,2.88572,0.956468,1.62669,139.209,SN(B),1,Be,W,Be,NONE,-2.42703,-1941840,3.80349,2.74E+19,-,MkII-HD,6646300,6359450,286852,-,V5,0,58.73,NBIC,0
JET,96291,51.375,LH,1.9600,2.87834,0.963525,1.61929,139.257,SN(B),1,Be,W,Be,NONE,-2.42873,-1967760,3.78588,2.25E+19,-,MkII-HD,4022980,4022980,0,-,V5,0,51.41,IC,0
JET,96291,53.835,LH,1.9550,2.88222,0.959921,1.62186,139.111,SN(B),1,Be,W,Be,NONE,-2.42521,-1956250,3.78542,2.47E+19,-,MkII-HD,5224920,5224920,0,-,V5,0,53.87,IC,0
JET,96292,55.145,LH,1.9860,2.88424,0.957852,1.62757,139.279,SN(B),1,Be,W,Be,NONE,-2.42663,-1957440,3.79356,3.00E+19,-,MkII-HD,3699560,3699560,0,-,V5,0,55.18,IC,1
JET,96293,57.415,LH,1.9840,2.88465,0.956942,1.62798,139.135,SN(B),1,Be,W,Be,NONE,-2.42715,-1957730,3.78732,3.64E+19,-,MkII-HD,3443050,3443050,0,-,V5,0,57.45,IC,1
JET,96294,54.265,LH,1.9860,2.8847,0.957566,1.62746,139.33,SN(B),1,Be,W,Be,NONE,-2.42687,-1958310,3.78352,3.22E+19,-,MkII-HD,3497680,3497680,0,-,V5,0,54.3,IC,1
JET,96295,59.035,LH,1.9690,2.88151,0.9592,1.6246,139.086,SN(B),1,Be,W,Be,NONE,-2.42877,-1948610,3.80736,2.69E+19,1.52149,MkII-HD,3459420,3387950,71478.6,-,V5,0,59.07,NBIC,0
JET,96296,54.455,LH,1.9820,2.88795,0.954326,1.63389,139.366,SN(B),1,Be,W,Be,NONE,-2.42576,-1962770,3.76496,3.08E+19,-,MkII-HD,3248840,3248840,0,-,V5,0,54.49,NB,1
JET,96297,51.955,LH,1.9780,2.88281,0.959871,1.62596,139.371,SN(B),1,Be,W,Be,NONE,-2.42466,-1965520,3.77916,2.61E+19,1.85885,MkII-HD,3305710,3305710,0,-,V5,0,51.99,IC,0
JET,96297,56.735,LH,1.9730,2.88221,0.960221,1.62395,139.326,SN(B),1,Be,W,Be,NONE,-2.42406,-1961070,3.7932,2.61E+19,-,MkII-HD,3681920,3681920,0,-,V5,0,56.77,IC,0
JET,96297,59.335,LH,1.9670,2.88384,0.957761,1.62823,139.267,SN(B),1,Be,W,Be,NONE,-2.42545,-1956120,3.79538,2.65E+19,-,MkII-HD,3954210,3954210,0,-,V5,0,59.37,NBIC,0
JET,96298,51.365,LH,1.9900,2.88544,0.957045,1.62804,139.152,SN(B),1,Be,W,Be,NONE,-2.42299,-1962230,3.76705,2.96E+19,-,MkII-HD,3412310,3412310,0,-,V5,0,51.4,IC,1
JET,96298,55.665,LH,1.9810,2.88576,0.956038,1.62856,139.082,SN(B),1,Be,W,Be,NONE,-2.42469,-1959420,3.76919,2.89E+19,-,MkII-HD,3261400,3261400,0,-,V5,0,55.7,IC,1
JET,96300,54.975,LH,1.9500,2.87847,0.964236,1.61819,139.269,SN(B),1,Be,W,Be,NONE,-2.42755,-1962690,3.81045,2.25E+19,2.03886,MkII-HD,4845350,4845350,0,-,V5,0,55.01,IC,0
JET,96300,57.535,LH,1.9100,2.87576,0.965645,1.61395,138.944,SN(B),1,Be,W,Be,NONE,-2.42818,-1963500,3.82084,2.26E+19,-,MkII-HD,6189050,6189050,0,-,V5,0,57.57,IC,0
JET,96301,54.455,LH,1.9600,2.88975,0.952572,1.63615,139.348,SN(B),1,Be,W,Be,NONE,-2.42584,-1966070,3.74376,2.30E+19,-,MkII-HD,3988970,3836650,152316,-,V5,0,54.49,NB,0
JET,97717,52.295,LH,1.9950,2.86985,0.94944,1.67668,140.17,SN(B),1,Be,W,Be,NONE,-3.30936,-3456380,3.0223,6.43E+19,1.26465,MkII-HD,12449300,12361100,88172.5,-,CORNER,0,52.33,NB,1
JET,97805,51.515,LH,1.9970,2.87114,0.950032,1.6738,140.428,SN(B),1,Be,W,Be,NONE,-3.30822,-3456040,3.01128,5.97E+19,1.25056,MkII-HD,11326800,11244200,82587.8,-,CORNER,0,51.55,NB,1
JET,97874,52.235,LH,1.9950,2.86993,0.950118,1.67557,140.333,SN(B),1,Be,W,Be,NONE,-3.3093,-3456370,3.01867,5.63E+19,1.0948,MkII-HD,10323500,10246500,77004.4,354174,CORNER,0,52.27,NB,1
JET,98548,53.55,LH,2.4260,2.87686,0.958953,1.6396,139.8,SN(B),1,Be,W,Be,NONE,-1.85367,-1742460,3.3017,2.38E+19,1.02099,MkII-HD,1308580,1308580,0,-,V5,0,53.585,,1
JET,98560,52.535,LH,2.8000,2.87218,0.963136,1.63483,139.633,SN(B),1,Be,W,Be,NONE,-1.85367,-1750600,3.30343,2.06E+19,1.10713,MkII-HD,1184000,1184000,0,-,V5,0,52.57,,1
JET,98564,62.095,LH,2.8370,2.87352,0.952447,1.63572,137.816,SN(B),1,Be,W,Be,NONE,-1.81028,-1639930,3.37032,2.38E+19,1.07864,MkII-HD,1391380,1391380,0,-,V5,0,62.13,,1
JET,98566,47.605,LH,2.9070,2.88789,0.951288,1.62861,138.61,SN(B),1,Be,W,Be,NONE,-1.81721,-1662940,3.26708,2.52E+19,1.10431,MkII-HD,1963010,1963010,0,415714,V5,0,47.64,IC,1
JET,98574,47.715,LH,2.9110,2.88776,0.952339,1.63049,138.876,SN(B),1,Be,W,Be,NONE,-1.81935,-1641670,3.3249,2.66E+19,1.15464,MkII-HD,2157600,2157600,0,-,V5,0,47.75,IC,1
JET,98575,62.095,LH,2.8550,2.87444,0.953577,1.63281,137.959,SN(B),1,Be,W,Be,NONE,-1.80973,-1642540,3.35624,2.38E+19,1.13886,MkII-HD,1366720,1366720,0,-,V5,0,62.13,,1
JET,98906,46.525,LH,2.8390,2.86559,0.975707,1.59323,138.691,SN(B),1,Be,W,Be,NONE,-1.84615,-1662310,3.39212,1.84E+19,2.16584,MkII-HD,1121020,1121020,0,-,V5,0,46.56,,0
JET,98906,49.565,LH,2.8700,2.88793,0.954692,1.62834,139.272,SN(B),1,Be,W,Be,NONE,-1.8062,-1657770,3.27539,1.43E+19,2.33284,MkII-HD,1080670,1080670,0,-,V5,0,49.6,,0
JET,98906,54.425,LH,2.9290,2.89045,0.952578,1.6316,139.069,SN(B),1,Be,W,Be,NONE,-1.80894,-1642060,3.32917,3.32E+19,1.803,MkII-HD,2363160,2276890,86268.8,-,V5,0,54.46,NB,1
JET,98906,55.395,LH,2.9310,2.89099,0.955138,1.62738,139.167,SN(B),1,Be,W,Be,NONE,-1.80835,-1643900,3.34535,4.48E+19,1.72229,MkII-HD,3267900,3185440,82453.1,-,V5,0,55.43,NB,1
JET,98969,50.135,LH,2.9280,2.88557,0.951136,1.63504,138.813,SN(B),1,Be,W,Be,NONE,-2.98159,-2459620,3.66265,3.13E+19,1.53411,MkII-HD,2880580,2822080,58505.8,-,V5,0,50.17,NB,1
JET,98969,50.135,LH,2.9280,2.88557,0.951136,1.63504,138.813,SN(B),1,Be,W,Be,NONE,-2.98159,-2459620,3.66265,3.13E+19,1.53411,MkII-HD,2880580,2822080,58505.8,-,V5,0,50.17,NB,1
JET,99227,47.645,LH,2.6590,2.88652,0.950863,1.62699,138.264,SN(B),1,Be,W,Be,NONE,-1.81642,-1660560,3.25927,2.65E+19,1.55426,MkII-HD,1743350,1743350,0,-,V5,0,47.68,IC,1
JET,99227,62.595,LH,2.9170,2.88449,0.959876,1.60415,138.137,SN(B),1,Be,W,Be,NONE,-1.80086,-1518710,3.50595,2.14E+19,1.62171,MkII-HD,1113860,1113860,0,-,V5,0,62.63,,1
JET,99470,50.195,LH,2.6970,2.88695,0.950976,1.63565,138.935,SN(B),1,Be,W,Be,NONE,-2.9743,-2459220,3.65675,3.17E+19,1.34139,MkII-HD,3333240,3271090,62153.1,278649,V5,0,50.23,NB,1
JET,99471,51.508,LH,2.5890,2.88725,0.951386,1.63328,138.837,SN(B),1,Be,W,Be,NONE,-2.98503,-2454350,3.67772,3.90E+19,1.40178,MkII-HD,4276490,4200920,75566.4,-,V5,0,51.543,NB,1
JET,99472,51.148,LH,2.5480,2.88789,0.951837,1.6328,139.034,SN(B),1,Be,W,Be,NONE,-2.98756,-2460090,3.67156,2.86E+19,1.38984,MkII-HD,3894640,3801870,92768.7,-,V5,0,51.183,NB,0
JET,99472,55.595,LH,2.5580,2.88681,0.952855,1.63241,139.031,SN(B),1,Be,W,Be,NONE,-2.97537,-2450240,3.68013,3.14E+19,1.34205,MkII-HD,3309160,3246430,62721,-,V5,0,55.63,NB,1
JET,99474,51.32,LH,2.4630,2.88695,0.950394,1.63869,139.028,SN(B),1,Be,W,Be,NONE,-2.98558,-2460450,3.68889,3.61E+19,1.34361,MkII-HD,3902240,3826740,75503,335755,V5,0,51.355,NB,1
JET,99474,57.371,LH,2.5770,2.88596,0.952868,1.63217,138.889,SN(B),1,Be,W,Be,NONE,-2.96911,-2453400,3.68158,4.39E+19,1.49982,MkII-HD,5241920,5152410,89512.6,-,V5,0,57.406,NB,1
JET,99770,48.572,LH,2.5290,2.88895,0.953682,1.6368,139.601,SN(B),1,Be,W,Be,NONE,-1.81515,-1658970,3.34147,2.61E+19,1.54642,MkII-HD,1793290,1793290,0,-,V5,0,48.607,IC,1
JET,99773,51.785,LH,2.4970,2.88952,0.954506,1.63454,139.628,SN(B),1,Be,W,Be,NONE,-1.81144,-1653930,3.34102,2.99E+19,1.45417,MkII-HD,2273890,2273890,0,-,V5,0,51.82,IC,1
JET,100050,58.898,LH,1.0500,2.88872,0.95365,1.63513,139.166,SN(B),1,Be,W,Be,NONE,-1.80886,-1650510,3.34819,3.28E+19,-,MkII-HD,5182820,5182820,0,-,V5,0,58.933,IC,1
JET,100092,52.535,LH,1.0710,2.89076,0.952127,1.63315,139.163,SN(B),1,Be,W,Be,NONE,-1.81036,-1656200,3.30737,3.22E+19,1.63527,MkII-HD,5714450,5714450,0,-,V5,0,52.57,IC,1
JET,100092,58.635,LH,1.0640,2.88965,0.951509,1.63758,139.215,SN(B),1,Be,W,Be,NONE,-1.80894,-1649680,3.33934,3.12E+19,1.52774,MkII-HD,5330410,5330410,0,-,V5,0,58.67,IC,1
JET,100093,52.615,LH,1.0360,2.88989,0.954762,1.63217,139.286,SN(B),1,Be,W,Be,NONE,-1.81135,-1659390,3.32724,3.24E+19,1.47873,MkII-HD,5659880,5659880,0,-,V5,0,52.65,IC,1
JET,100093,58.685,LH,1.0400,2.88924,0.953567,1.63477,139.228,SN(B),1,Be,W,Be,NONE,-1.80874,-1649070,3.34659,3.12E+19,-,MkII-HD,5369650,5369650,0,-,V5,0,58.72,IC,1
JET,100094,52.485,LH,1.2410,2.89058,0.953889,1.63052,139.199,SN(B),1,Be,W,Be,NONE,-1.8108,-1653230,3.31939,3.36E+19,-,MkII-HD,5632260,5632260,0,-,V5,0,52.52,IC,1
JET,100094,58.815,LH,1.3860,2.88965,0.953502,1.63228,139.408,SN(B),1,Be,W,Be,NONE,-1.81016,-1650320,3.33118,3.56E+19,-,MkII-HD,5353120,5353120,0,-,V5,0,58.85,IC,1
JET,100095,51.965,LH,1.5200,2.88988,0.955035,1.63053,139.376,SN(B),1,Be,W,Be,NONE,-1.81194,-1655560,3.32313,3.39E+19,1.37265,MkII-HD,4991900,4991900,0,-,V5,0,52,IC,1
JET,100095,57.635,LH,1.8360,2.8887,0.952835,1.63262,139.076,SN(B),1,Be,W,Be,NONE,-1.8087,-1650780,3.32771,3.48E+19,-,MkII-HD,4298260,4298260,0,-,V5,0,57.67,IC,1
JET,100102,50.755,LH,1.9570,2.8897,0.952489,1.6318,139.054,SN(B),1,Be,W,Be,NONE,-1.81226,-1652460,3.30778,3.13E+19,1.57228,MkII-HD,3804450,3804450,0,-,V5,0,50.79,IC,1
JET,100102,59.391,LH,2.5040,2.88819,0.951626,1.63343,139.018,SN(B),1,Be,W,Be,NONE,-1.80886,-1643840,3.33545,3.25E+19,-,MkII-HD,3187530,3187530,0,-,V5,0,59.426,IC,1
JET,100104,52.365,LH,2.8430,2.88862,0.95396,1.63248,139.33,SN(B),1,Be,W,Be,NONE,-1.81134,-1651900,3.32948,3.21E+19,-,MkII-HD,3178970,3178970,0,-,V5,0,52.4,IC,1
JET,100104,52.715,LH,2.8440,2.88961,0.953516,1.63086,139.315,SN(B),1,Be,W,Be,NONE,-1.81072,-1645420,3.33039,3.51E+19,-,MkII-HD,3219090,3219090,0,-,V5,0,52.75,IC,1
JET,100105,51.626,LH,2.8710,2.88885,0.953262,1.632,139.115,SN(B),1,Be,W,Be,NONE,-1.81194,-1653580,3.31687,3.25E+19,-,MkII-HD,3394450,3394450,0,-,V5,0,51.661,IC,1
JET,100105,51.929,LH,2.8700,2.88907,0.951724,1.63003,138.816,SN(B),1,Be,W,Be,NONE,-1.81044,-1653360,3.29549,3.53E+19,-,MkII-HD,3742580,3742580,0,-,V5,0,51.964,IC,1
JET,100105,52.303,LH,2.8700,2.88958,0.952863,1.63222,139.131,SN(B),1,Be,W,Be,NONE,-1.8106,-1647730,3.32672,3.76E+19,-,MkII-HD,4268800,4268800,0,-,V5,0,52.338,IC,1
JET,100105,63.838,LH,2.8890,2.88306,0.96004,1.57162,136.038,SN(B),1,Be,W,Be,NONE,-1.76582,-1450280,3.45819,2.38E+19,1.45621,MkII-HD,1115210,1115210,0,-,V5,0,63.873,,1
JET,100107,50.744,LH,2.9460,2.88944,0.954285,1.63234,139.321,SN(B),1,Be,W,Be,NONE,-1.81107,-1650100,3.34181,3.19E+19,-,MkII-HD,2283400,2283400,0,-,V5,0,50.779,IC,1
JET,100107,58.18,LH,2.9170,2.88841,0.952463,1.63408,139.05,SN(B),1,Be,W,Be,NONE,-1.80854,-1644440,3.34444,3.30E+19,-,MkII-HD,3541690,3541690,0,-,V5,0,58.215,IC,1
JET,100114,53.335,LH,2.6520,2.87478,0.960264,1.58578,136.78,SN(B),1,Be,W,Be,NONE,-2.23264,-1718100,3.77028,2.54E+19,1.4171,MkII-HD,1520860,1520860,0,-,V5,0,53.37,,1
JET,100146,47.416,LH,2.9500,2.88742,0.953579,1.63141,139.142,SN(B),1,Be,W,Be,NONE,-1.81255,-1651030,3.29724,1.65E+19,1.53362,MkII-HD,1190190,1190190,0,248425,V5,0,47.451,,0
JET,100147,47.222,LH,2.9200,2.88603,0.954517,1.63173,139.151,SN(B),1,Be,W,Be,NONE,-1.8121,-1655410,3.29729,1.65E+19,1.4811,MkII-HD,1156320,1156320,0,190400,V5,0,47.257,,0
JET,100154,61.185,LH,2.8770,2.8818,0.954838,1.63297,138.776,SN(B),1,Be,W,Be,NONE,-2.43792,-1919880,3.85564,2.64E+19,1.33542,MkII-HD,1310690,1310690,0,-,V5,0,61.22,,1
JET,100159,51.335,LH,2.9300,2.8892,0.954219,1.62879,139.122,SN(B),1,Be,W,Be,NONE,-1.81103,-1652010,3.31434,3.07E+19,1.44789,MkII-HD,2959620,2959620,0,-,V5,0,51.37,IC,1
JET,100159,57.675,LH,2.9440,2.88814,0.954255,1.63185,139.19,SN(B),1,Be,W,Be,NONE,-1.80759,-1643740,3.34612,3.40E+19,1.48085,MkII-HD,2850880,2850880,0,-,V5,0,57.71,IC,1
JET,100160,51.215,LH,2.9330,2.88883,0.955705,1.63186,139.476,SN(B),1,Be,W,Be,NONE,-1.81274,-1651350,3.3532,3.61E+19,1.507,MkII-HD,3152780,3152780,0,-,V5,0,51.25,IC,1
JET,100160,58.515,LH,2.9320,2.88792,0.953521,1.63492,139.203,SN(B),1,Be,W,Be,NONE,-1.80981,-1645070,3.36356,3.81E+19,1.62733,MkII-HD,3964220,3964220,0,-,V5,0,58.55,IC,1
JET,100189,56.065,LH,2.9550,2.86358,0.966599,1.61476,138.674,SN(B),1,Be,W,Be,NONE,-3.0214,-1757910,5.30494,2.86E+19,1.4851,MkII-HD,1780940,1780940,0,-,V5,0,56.1,IC,1
JET,100195,55.577,LH,2.9690,2.88341,0.949723,1.64101,138.678,SN(B),1,Be,W,Be,NONE,-2.97473,-2452120,3.67989,2.33E+19,1.62259,MkII-HD,2791830,2725460,66374,-,V5,0,55.612,NB,0
JET,100196,51.012,LH,2.9930,2.88699,0.953678,1.63263,139.184,SN(B),1,Be,W,Be,NONE,-2.98368,-2451480,3.70086,4.29E+19,1.3033,MkII-HD,3642330,3574610,67715.6,466139,V5,0,51.047,NB,1
JET,100197,50.405,LH,2.9990,2.8867,0.951805,1.6347,139.017,SN(B),1,Be,W,Be,NONE,-2.98182,-2455300,3.67792,3.58E+19,1.35845,MkII-HD,3057110,3006830,50282.9,-,V5,0,50.44,NB,1
JET,100198,48.061,LH,2.9880,2.88849,0.953335,1.63168,139.208,SN(B),1,Be,W,Be,NONE,-2.4412,-1954110,3.76684,2.54E+19,1.28072,MkII-HD,1803530,1760430,43098.8,305602,V5,0,48.096,NB,1
JET,100199,48.785,LH,2.9880,2.88768,0.952554,1.6316,139.039,SN(B),1,Be,W,Be,NONE,-2.43975,-1954300,3.7524,2.29E+19,1.28391,MkII-HD,1316670,1316670,0,261307,V5,0,48.82,,1
JET,100201,50.055,LH,3.0000,2.88759,0.953,1.63383,139.088,SN(B),1,Be,W,Be,NONE,-2.43911,-1955130,3.77716,3.07E+19,1.3764,MkII-HD,2516040,2436540,79500.9,-,V5,0,50.09,NB,1
JET,100202,50.195,LH,3.0000,2.88637,0.952783,1.63552,139.336,SN(B),1,Be,W,Be,NONE,-2.97319,-2460900,3.67199,3.18E+19,1.39474,MkII-HD,3176970,3123720,53250.6,-,V5,0,50.23,NB,1
JET,100202,56.093,LH,3.0000,2.88527,0.953719,1.63196,139.006,SN(B),1,Be,W,Be,NONE,-2.97537,-2450790,3.69211,3.73E+19,1.40367,MkII-HD,3829640,3754100,75545,-,V5,0,56.128,NB,1
JET,100204,50.055,LH,3.0000,2.89063,0.951889,1.62832,138.977,SN(B),1,Be,W,Be,NONE,-1.8121,-1648710,3.30055,3.05E+19,1.3509,MkII-HD,2500460,2406350,94102.2,-,V5,0,50.09,NB,1
JET,100205,52.185,LH,2.9600,2.88417,0.950616,1.63896,138.819,SN(B),1,Be,W,Be,NONE,-2.9796,-2467460,3.66363,1.82E+19,2.02472,MkII-HD,4435280,4290880,144401,-,V5,0,52.22,NB,0
JET,100205,54.869,LH,2.9930,2.88286,0.950714,1.63907,138.764,SN(B),1,Be,W,Be,NONE,-2.97774,-2452760,3.67794,2.55E+19,1.42678,MkII-HD,2318810,2286560,32248.4,-,V5,0,54.904,NB,0
JET,100206,48.175,LH,2.9850,2.88787,0.951834,1.6324,139.031,SN(B),1,Be,W,Be,NONE,-2.4414,-1964100,3.73387,1.93E+19,1.46727,MkII-HD,1762110,1713370,48742.9,-,V5,0,48.21,NB,0
JET,100206,50.082,LH,2.9500,2.88599,0.952692,1.63554,139.223,SN(B),1,Be,W,Be,NONE,-2.43942,-1966360,3.76014,1.86E+19,1.55079,MkII-HD,2371900,2273640,98268.4,-,V5,0,50.117,NB,0
JET,100206,54.105,LH,3.0000,2.88531,0.952423,1.63554,139.018,SN(B),1,Be,W,Be,NONE,-2.43867,-1960340,3.76411,1.93E+19,1.52541,MkII-HD,1887970,1837930,50036.4,-,V5,0,54.14,NB,0
JET,100601,51.977,LH,1.9930,2.88957,0.953691,1.63202,139.399,SN(B),1,Be,W,Be,NONE,-1.81175,-1655310,3.32022,3.05E+19,1.55951,MkII-HD,3015200,2896450,118753,-,V5,0,52.012,NB,1
JET,100601,59.554,LH,1.9840,2.88825,0.952039,1.63418,139.091,SN(B),1,Be,W,Be,NONE,-1.80985,-1646420,3.34021,3.12E+19,1.63479,MkII-HD,2424380,2424380,0,-,V5,0,59.589,IC,1
JET,100602,52.065,LH,1.9970,2.8869,0.953344,1.63076,139.131,SN(B),1,Be,W,Be,NONE,-2.98519,-2463170,3.68374,4.82E+19,1.93912,MkII-HD,8218960,8060130,158833,-,V5,0,52.1,NB,1
JET,100603,49.976,LH,1.9980,2.88845,0.953928,1.62885,139.184,SN(B),1,Be,W,Be,NONE,-2.96317,-2459440,3.66277,5.54E+19,1.84014,MkII-HD,7779730,7660800,118927,-,V5,0,50.011,NB,1
JET,100831,51.977,LH,2.0010,2.88815,0.953516,1.63127,139.246,SN(B),1,Be,W,Be,NONE,-2.43934,-1954730,3.79821,4.83E+19,1.476,MkII-HD,5660390,5526180,134214,-,V5,0,52.012,NB,1
JET,100831,59.995,LH,1.9990,2.88707,0.952756,1.63227,138.957,SN(B),1,Be,W,Be,NONE,-2.43883,-1950320,3.82532,6.03E+19,1.37598,MkII-HD,7455560,7314570,140994,-,V5,0,60.03,NB,1
JET,100841,57.788,LH,2.0000,2.8861,0.951288,1.63202,138.884,SN(B),1,Be,W,Be,NONE,-2.97355,-2449130,3.68491,4.97E+19,-,MkII-HD,7057810,7057810,0,-,V5,0,57.823,NB,1
JET,100842,47.222,LH,2.0050,2.88819,0.953216,1.62951,139.009,SN(B),1,Be,W,Be,NONE,-1.81206,-1734550,3.14443,2.99E+19,1.28239,MkII-HD,3115100,2968270,146822,-,V5,0,47.257,NB,1
JET,100843,50.305,LH,2.0010,2.88911,0.951392,1.6402,139.293,SN(B),1,Be,W,Be,NONE,-1.81278,-1653760,3.35085,4.50E+19,1.13286,MkII-HD,3534660,3424440,110219,-,V5,0,50.34,NB,1
JET,100844,52.535,LH,2.0050,2.88626,0.951635,1.63446,138.967,SN(B),1,Be,W,Be,NONE,-2.97964,-2461520,3.67098,3.25E+19,1.31872,MkII-HD,5373620,5239640,133983,-,V5,0,52.57,NB,1
JET,100844,57.314,LH,2.0100,2.88521,0.950765,1.63541,138.817,SN(B),1,Be,W,Be,NONE,-2.97442,-2452920,3.67853,3.41E+19,1.21327,MkII-HD,4923680,4815080,108595,-,V5,0,57.349,NB,1
JET,100845,52.165,LH,2.0000,2.88496,0.950129,1.6364,138.633,SN(B),1,Be,W,Be,NONE,-2.43764,-1968040,3.73577,1.54E+19,2.0324,MkII-HD,3549850,3329460,220389,-,V5,0,52.2,NB,0
JET,100845,58.145,LH,2.0060,2.88596,0.950782,1.63723,138.871,SN(B),1,Be,W,Be,NONE,-2.43772,-1951450,3.79415,2.57E+19,1.42692,MkII-HD,3271930,3133060,138863,-,V5,0,58.18,NB,0
JET,100846,53.05,LH,2.0030,2.931,0.908933,1.69304,138.181,SN(B),1,Be,W,Be,NONE,-2.44469,-1962050,3.46133,4.05E+19,1.29018,MkII-HD,8071650,7811090,260558,-,VT,0,53.085,NB,1
JET,100846,58.115,LH,2.0050,2.92963,0.909446,1.69106,138.066,SN(B),1,Be,W,Be,NONE,-2.43954,-1959310,3.45603,3.56E+19,1.33442,MkII-HD,7233940,6978140,255799,-,VT,0,58.15,NB,1
JET,100847,52.095,LH,2.0030,2.88908,0.954267,1.63197,139.333,SN(B),1,Be,W,Be,NONE,-1.81028,-1652160,3.33926,3.75E+19,1.19059,MkII-HD,3503420,3372680,130743,-,V5,0,52.13,NB,1
JET,100847,59.555,LH,1.9930,2.88694,0.951946,1.63616,139.159,SN(B),1,Be,W,Be,NONE,-1.80941,-1644560,3.36626,3.77E+19,1.28647,MkII-HD,3141120,3141120,0,-,V5,0,59.59,IC,1
JET,100865,51.475,LH,2.0000,2.8707,0.949792,1.67456,140.242,SN(B),1,Be,W,Be,NONE,-3.30711,-3461860,3.00627,4.60E+19,1.37563,MkII-HD,10355700,10256500,99155.4,-,CORNER,0,51.51,NB,1
JET,100882,52.06,LH,1.9890,2.88857,0.950997,1.63271,138.782,SN(B),1,Be,W,Be,NONE,-2.43665,-1964070,3.73915,2.23E+19,1.55014,MkII-HD,4161010,3974410,186602,-,V5,0,52.095,NB,0
JET,100882,59.594,LH,1.9960,2.88647,0.951218,1.63359,138.573,SN(B),1,Be,W,Be,NONE,-2.43808,-1949580,3.78007,2.55E+19,1.42786,MkII-HD,3190380,3078790,111589,-,V5,0,59.629,NB,0
JET,100883,52.148,LH,2.0010,2.88983,0.9522,1.63204,139.126,SN(B),1,Be,W,Be,NONE,-1.81167,-1651910,3.32379,3.88E+19,1.15496,MkII-HD,3631610,3500860,130751,-,V5,0,52.183,NB,1
JET,100883,59.009,LH,2.0000,2.88906,0.950161,1.63268,138.72,SN(B),1,Be,W,Be,NONE,-1.8087,-1643810,3.33299,4.16E+19,1.14757,MkII-HD,4281050,4154890,126162,-,V5,0,59.044,NB,1
JET,100896,48.713,LH,2.0070,2.88961,0.950804,1.63211,139.057,SN(B),1,Be,W,Be,NONE,-2.44029,-1967230,3.73244,2.18E+19,1.65806,MkII-HD,3557280,3401750,155532,-,V5,0,48.748,NB,0
JET,100897,54.134,LH,1.9670,2.87596,0.96345,1.61631,139.089,SN(B),1,Be,W,Be,NONE,-2.43804,-1964520,3.79791,2.12E+19,-,MkII-HD,4027340,4027340,0,-,V5,0,54.169,IC,0
JET,100897,54.29,LH,1.9740,2.87623,0.962275,1.61705,138.847,SN(B),1,Be,W,Be,NONE,-2.4378,-1966370,3.78433,2.20E+19,1.85618,MkII-HD,3993780,3993780,0,-,V5,0,54.325,IC,0
JET,100897,56.122,LH,2.0000,2.87807,0.96081,1.61873,138.658,SN(B),1,Be,W,Be,NONE,-2.43903,-1961070,3.79769,2.32E+19,-,MkII-HD,4584930,4584930,0,-,V5,0,56.157,IC,0
JET,102130,50.905,LH,2.0020,2.88068,0.932787,1.64668,135.357,SN(B),1,Be,W,Be,NONE,-1.30782,-1248340,3.07475,2.41E+19,1.42501,MkII-HD,2753230,2588130,165102,-,CORNER,0,50.94,NB,1
JET,102131,54.085,LH,2.0000,2.88652,0.927641,1.63666,134.623,SN(B),1,Be,W,Be,NONE,-1.29723,-1250140,2.96277,2.30E+19,-,MkII-HD,2380040,2380040,0,-,CORNER,0,54.12,NB,1
JET,102135,50.093,LH,2.0060,2.86552,0.95681,1.66237,138.871,SN(B),1,Be,W,Be,NONE,-1.31162,-1230130,3.38862,1.87E+19,1.55818,MkII-HD,2332150,2052170,279975,-,CORNER,0,50.128,NB,1
JET,102136,51.395,LH,2.0080,2.88271,0.929711,1.6411,134.856,SN(B),1,Be,W,Be,NONE,-1.30507,-1250170,3.00774,1.68E+19,1.5817,MkII-HD,2101020,1954950,146075,-,CORNER,0,51.43,NB,1
JET,102136,58.585,LH,2.0020,2.90956,0.931874,1.62991,136.034,SN(B),1,Be,W,Be,NONE,-1.29267,-1244740,2.93552,2.40E+19,1.58346,MkII-HD,3194390,2982810,211575,-,CORNER,0,58.62,NB,1
JET,102138,52.043,LH,2.0000,2.88538,0.928323,1.64338,135.128,SN(B),1,Be,W,Be,NONE,-1.30407,-1253140,3.01113,2.74E+19,-,MkII-HD,2880240,2880240,0,-,CORNER,0,52.078,NB,1
JET,102139,55.017,LH,2.0000,2.88843,0.924855,1.64074,134.499,SN(B),1,Be,W,Be,NONE,-1.29895,-1247420,2.97953,3.47E+19,-,MkII-HD,3909440,3697990,211458,-,CORNER,0,55.052,NB,1
JET,103090,56.388,LH,2.0000,2.8772,0.95526,1.6618,140.585,SN(B),1,Be,W,Be,NONE,-2.8246,-2934950,3.01206,3.30E+19,2.06138,MkII-HD,8462590,8365730,96862.5,-,CORNER,0,56.423,NBIC,1
JET,103091,51.551,LH,2.0000,2.8789,0.95766,1.66386,141.216,SN(B),1,Be,W,Be,NONE,-2.82304,-2959430,2.99902,3.80E+19,1.6749,MkII-HD,9526540,9356520,170017,-,CORNER,0,51.586,NB,1
JET,103712,51.215,LH,2.0010,2.88213,0.965359,1.64542,141.262,SN(B),1,Be,W,Be,NONE,-2.44885,-1964600,3.915,2.98E+19,-,MkII-HD,5116850,4934810,182033,-,CORNER,0,51.25,NB,1
JET,103713,50.927,LH,2.0040,2.88353,0.963988,1.64689,141.069,SN(B),1,Be,W,Be,NONE,-2.4477,-1959990,3.90638,3.09E+19,-,MkII-HD,6093060,5875510,217550,-,CORNER,0,50.962,NB,1
JET,103714,51.469,LH,1.9990,2.907,0.930555,1.67007,138.664,SN(B),1,Be,W,Be,NONE,-2.988,-2464320,3.56208,3.55E+19,-,MkII-HD,7403060,7207050,196011,-,CORNER,0,51.504,NB,1
JET,103714,56.038,LH,1.9990,2.90669,0.930837,1.6709,138.798,SN(B),1,Be,W,Be,NONE,-2.97662,-2460500,3.56671,4.33E+19,-,MkII-HD,8621890,8428520,193362,-,CORNER,0,56.073,NB,1
JET,103715,50.065,LH,2.0040,2.88184,0.965805,1.64267,141.117,SN(B),1,Be,W,Be,NONE,-2.45059,-1958070,3.90987,2.44E+19,-,MkII-HD,4575770,4379990,195781,-,CORNER,0,50.1,NB,1
JET,103716,51.074,LH,1.9990,2.88605,0.963363,1.65029,141.227,SN(B),1,Be,W,Be,NONE,-2.44915,-1961050,3.9275,3.95E+19,-,MkII-HD,7581520,7320670,260856,-,CORNER,0,51.109,NB,1
JET,103831,52.695,LH,2.0000,2.87924,0.956933,1.66433,141.167,SN(B),1,Be,W,Be,NONE,-2.8222,-2953550,3.00473,4.51E+19,1.47956,MkII-HD,8478340,8357960,120377,-,CORNER,0,52.73,NB,1
JET,104510,51.675,LH,2.5000,2.88393,0.950861,1.63487,138.598,SN(B),1,Be,W,Be,NONE,-2.98442,-2467620,3.65146,1.55E+19,1.94126,MkII-HD,5045270,4866940,178335,-,V5,0,51.71,NB,0
JET,104511,50.115,LH,2.5000,2.88748,0.952239,1.6291,138.887,SN(B),1,Be,W,Be,NONE,-2.95878,-2468250,3.6111,2.41E+19,1.2331,MkII-HD,4703440,4565020,138422,-,V5,0,50.15,NB,0
JET,104511,56.235,LH,2.4990,2.88612,0.952097,1.63419,138.981,SN(B),1,Be,W,Be,NONE,-2.976,-2462610,3.67017,2.80E+19,1.23219,MkII-HD,4773900,4644410,129496,-,V5,0,56.27,NB,0
JET,104512,51.215,LH,2.4890,2.88471,0.950748,1.63447,138.715,SN(B),1,Be,W,Be,NONE,-2.97849,-2453630,3.68426,5.55E+19,1.10243,MkII-HD,6163230,6077690,85539,-,V5,0,51.25,NB,1
JET,104512,56.275,LH,2.5610,2.88421,0.951367,1.63375,138.683,SN(B),1,Be,W,Be,NONE,-2.97467,-2450000,3.69329,5.64E+19,1.11054,MkII-HD,6291650,6196940,94707.9,-,V5,0,56.31,NB,1
JET,104513,51.194,LH,2.4860,2.88449,0.950495,1.63501,138.804,SN(B),1,Be,W,Be,NONE,-2.97877,-2455550,3.68702,5.33E+19,1.16087,MkII-HD,6192430,6092700,99729.5,-,V5,0,51.229,NB,1
JET,104513,51.945,LH,2.5160,2.88489,0.950574,1.63534,138.795,SN(B),1,Be,W,Be,NONE,-2.98657,-2456090,3.70121,5.76E+19,1.12962,MkII-HD,6490970,6400410,90562.2,-,V5,0,51.98,NB,1
JET,104513,56.417,LH,2.5530,2.88433,0.950608,1.63322,138.623,SN(B),1,Be,W,Be,NONE,-2.97568,-2446040,3.69072,5.62E+19,1.13528,MkII-HD,6413650,6320180,93471.4,-,V5,0,56.452,NB,1
JET,104513,57.05,LH,2.5540,2.88395,0.950951,1.63427,138.826,SN(B),1,Be,W,Be,NONE,-2.97568,-2446980,3.70421,5.99E+19,1.11132,MkII-HD,6988490,6877070,111415,-,V5,0,57.085,NB,1
JET,104514,48.175,LH,2.5500,2.88856,0.94639,1.6387,138.405,SN(B),1,Be,W,Be,NONE,-1.81824,-1642740,3.29257,2.02E+19,1.24762,MkII-HD,1523350,1523350,0,-,V5,0,48.21,IC,1
JET,104514,56.845,LH,2.5670,2.88781,0.951285,1.63392,138.965,SN(B),1,Be,W,Be,NONE,-1.80925,-1643990,3.32211,2.65E+19,1.19706,MkII-HD,1815720,1815720,0,-,V5,0,56.88,IC,1
JET,104515,48.483,LH,2.5500,2.89451,0.942934,1.64745,138.803,SN(B),1,Be,W,Be,NONE,-1.81828,-1645640,3.28528,2.01E+19,1.18908,MkII-HD,1295290,1295290,0,-,V5,0,48.518,IC,1
JET,104515,56.743,LH,2.5470,2.88658,0.952388,1.63314,139.012,SN(B),1,Be,W,Be,NONE,-1.80941,-1642360,3.33127,2.38E+19,1.15496,MkII-HD,1484120,1484120,0,-,V5,0,56.778,IC,1
JET,105435,52.555,LH,1.9990,2.89053,0.954527,1.6304,139.36,SN(B),1,Be,W,Be,NONE,-1.81316,-1952150,2.82107,3.49E+19,-,MkII-HD,4385720,4266710,119010,-,V5,0,52.59,NB,1
JET,105438,52.365,LH,2.0030,2.88667,0.953008,1.63716,139.159,SN(B),1,Be,W,Be,NONE,-2.98471,-1964220,4.6424,3.85E+19,-,MkII-HD,4968870,4823360,145503,-,V5,0,52.4,NB,1
JET,105438,58.635,LH,2.0040,2.88691,0.953996,1.63099,139.071,SN(B),1,Be,W,Be,NONE,-2.97339,-1952590,4.64002,3.64E+19,-,MkII-HD,5209060,5021910,187156,-,V5,0,58.67,NB,1
JET,105439,53.285,LH,2.0040,2.88665,0.952464,1.63798,139.217,SN(B),1,Be,W,Be,NONE,-3.43205,-1962040,5.35672,3.72E+19,-,MkII-HD,5990710,5797740,192972,-,V5,0,53.32,NB,1
JET,105440,53.065,LH,2.0030,2.89105,0.954099,1.62905,139.398,SN(B),1,Be,W,Be,NONE,-1.81258,-1948060,2.81616,3.63E+19,-,MkII-HD,4902370,4744400,157970,-,V5,0,53.1,NB,1
JET,105440,60.045,LH,2.0010,2.89088,0.953015,1.62927,139.135,SN(B),1,Be,W,Be,NONE,-1.80949,-1943710,2.8191,4.44E+19,-,MkII-HD,5797660,5612790,184869,-,V5,0,60.08,NB,1
JET,105577,52.045,LH,2.0000,2.88755,0.954417,1.63303,139.29,SN(B),1,Be,W,Be,NONE,-3.43284,-1964830,5.32941,3.79E+19,-,MkII-HD,5710190,5710190,0,-,V5,0,52.08,NB,1
JET,105578,54.128,LH,2.0000,2.88595,0.968479,1.64566,141.796,SN(B),1,Be,W,Be,NONE,-3.43336,-1969820,5.53015,3.88E+19,-,MkII-HD,8460180,8197090,263092,-,CORNER,0,54.163,NB,1
JET,105579,53.692,LH,2.0000,2.88532,0.96931,1.64385,141.657,SN(B),1,Be,W,Be,NONE,-3.43246,-1971660,5.5181,3.85E+19,-,MkII-HD,7842000,7581040,260969,-,CORNER,0,53.727,NB,1
JET,105580,52.455,LH,2.0000,2.90035,0.954209,1.67097,142.034,SN(B),1,Be,W,Be,NONE,-1.81147,-1959430,2.88818,3.84E+19,-,MkII-HD,6353180,6164940,188233,-,CORNER,0,52.49,NB,1
JET,105581,53.333,LH,2.0010,2.88586,0.968001,1.64428,141.452,SN(B),1,Be,W,Be,NONE,-2.98029,-1966400,4.78479,3.94E+19,-,MkII-HD,7936010,7673320,262688,-,CORNER,0,53.368,NB,1
JET,105751,52.1,LH,2.0260,2.88466,0.968956,1.64422,141.661,SN(B),1,Be,W,Be,NONE,-3.43291,-1970210,5.51914,3.97E+19,-,MkII-HD,8640060,8343340,296714,-,CORNER,0,52.135,NB,1
JET,85954,56.075,LH,1.9730,2.88145,0.956445,1.62629,139.178,SN(B),1,Be,W,Be,NONE,-2.39927,-1961400,3.78202,3.31E+19,-,MkII-HD,3721370,3721370,0,670169,V5,0,56.11,IC,1
JET,85955,55.4,LH,1.9640,2.88261,0.95647,1.62637,139.246,SN(B),1,Be,W,Be,NONE,-2.39933,-1958550,3.78496,3.56E+19,1.49503,MkII-HD,3955950,3955950,0,939918,V5,0,55.45,IC,1
JET,85956,54.445,LH,1.9600,2.88402,0.954701,1.62847,139.164,SN(B),1,Be,W,Be,NONE,-2.399,-1957330,3.76897,3.35E+19,1.39788,MkII-HD,3517980,3517980,0,672172,V5,0,54.47,IC,1
JET,85957,54.86,LH,1.9600,2.88224,0.956589,1.62704,139.219,SN(B),1,Be,W,Be,NONE,-2.39916,-1963460,3.78264,3.55E+19,1.47222,MkII-HD,3868400,3868400,0,988674,V5,0,54.89,IC,1
JET,85960,54.49,LH,1.9500,2.88281,0.956482,1.62546,139.131,SN(B),1,Be,W,Be,NONE,-2.39848,-1957840,3.771,3.36E+19,-,MkII-HD,3488720,3488720,0,615366,V5,0,54.52,IC,1
JET,85891,53.685,LH,1.9850,2.88616,0.953964,1.62984,139.283,SN(B),1,Be,W,Be,NONE,-2.35062,-1946440,3.70104,2.87E+19,-,MkII-HD,3040610,3040610,0,-,V5,0,53.72,IC,1
JET,85913,53.785,LH,1.9900,2.88409,0.95465,1.62671,139.105,SN(B),1,Be,W,Be,NONE,-2.39953,-1950260,3.77019,2.88E+19,-,MkII-HD,2712740,2712740,0,-,V5,0,53.82,IC,1
JET,85914,52.905,LH,1.9340,2.88521,0.956002,1.62803,139.459,SN(B),1,Be,W,Be,NONE,-2.39903,-1954160,3.77559,2.79E+19,-,MkII-HD,3206550,3206550,0,-,V5,0,52.94,IC,0
JET,85914,55.595,LH,1.9620,2.88527,0.955329,1.62835,139.378,SN(B),1,Be,W,Be,NONE,-2.39909,-1951080,3.78242,2.52E+19,-,MkII-HD,3754580,3754580,0,-,V5,0,55.63,IC,0
JET,85897,53.915,LH,1.9740,2.88642,0.951913,1.63434,139.189,SN(B),1,Be,W,Be,NONE,-2.40013,-1951460,3.77129,2.89E+19,-,MkII-HD,2861150,2861150,0,757480,V5,0,53.95,IC,1
JET,85915,52.835,LH,1.9300,2.88484,0.9561,1.62769,139.384,SN(B),1,Be,W,Be,NONE,-2.39914,-1952440,3.77491,2.76E+19,-,MkII-HD,3173960,3173960,0,880907,V5,0,52.87,IC,0
JET,85916,53.155,LH,1.9530,2.88546,0.955641,1.62981,139.508,SN(B),1,Be,W,Be,NONE,-2.39976,-1958930,3.77828,3.05E+19,-,MkII-HD,3537120,3537120,0,-,V5,0,53.19,IC,1
JET,80911,56.835,LH,1.9840,2.88095,0.955311,1.63178,139.226,SN(B),1,Be,W,Be,NONE,-2.37633,-1955510,3.75648,2.70E+19,-,MkII-HD,2950940,2950940,0,724047,V5,0,56.87,IC,0
JET,81206,57.765,LH,1.9690,2.8797,0.956919,1.62826,139.213,SN(B),1,Be,W,Be,NONE,-2.38746,-1954720,3.7713,2.66E+19,-,MkII-HD,3545470,3545470,0,1292140,V5,0,57.8,IC,0
JET,81207,57.415,LH,1.9650,2.88062,0.956305,1.62834,139.162,SN(B),1,Be,W,Be,NONE,-2.38695,-1953520,3.76786,2.75E+19,-,MkII-HD,3244900,3244900,0,1069760,V5,0,57.45,IC,0
JET,81208,57.135,LH,1.9790,2.8808,0.955936,1.62853,139.167,SN(B),1,Be,W,Be,NONE,-2.38626,-1952630,3.76513,2.77E+19,-,MkII-HD,3086980,3086980,0,908529,V5,0,57.17,IC,0
JET,81209,60.375,LH,1.9690,2.87615,0.960493,1.62341,139.21,SN(B),1,Be,W,Be,NONE,-2.3862,-1956220,3.793,2.23E+19,-,MkII-HD,4989930,4989930,0,2419900,V5,0,60.41,IC,0
JET,81210,60.265,LH,1.9700,2.8775,0.958727,1.62743,139.202,SN(B),1,Be,W,Be,NONE,-2.38615,-1958670,3.7917,2.45E+19,-,MkII-HD,5128130,5128130,0,2361720,V5,0,60.3,IC,0
JET,81211,57.545,LH,1.9670,2.88117,0.956342,1.63008,139.285,SN(B),1,Be,W,Be,NONE,-2.38568,-1955410,3.7717,3.00E+19,-,MkII-HD,3264820,3264820,0,930344,V5,0,57.58,IC,1
JET,81212,57.915,LH,1.9590,2.88147,0.955993,1.63099,139.316,SN(B),1,Be,W,Be,NONE,-2.38576,-1960810,3.76862,3.29E+19,-,MkII-HD,3453560,3453560,0,-,V5,0,57.95,IC,1
JET,81232,59.225,LH,1.9670,2.88019,0.95628,1.62877,139.319,SN(B),1,Be,W,Be,NONE,-2.38573,-1950850,3.78012,3.19E+19,-,MkII-HD,3627760,3627760,0,1017510,V5,0,59.26,IC,1
JET,81233,58.74,LH,1.9750,2.87938,0.957717,1.63021,139.34,SN(B),1,Be,W,Be,NONE,-2.38586,-1957940,3.78822,3.14E+19,-,MkII-HD,3539520,3539520,0,1051270,V5,0,58.775,IC,1
JET,81234,57.765,LH,1.9430,2.88185,0.956087,1.63288,139.553,SN(B),1,Be,W,Be,NONE,-2.38639,-1961030,3.78266,3.58E+19,-,MkII-HD,4007770,4007770,0,1038670,V5,0,57.8,IC,1
JET,81236,58.445,LH,1.9400,2.8818,0.954301,1.63253,139.102,SN(B),1,Be,W,Be,NONE,-2.38556,-1955060,3.77706,3.58E+19,-,MkII-HD,4191480,4191480,0,1093880,V5,0,58.48,IC,1
JET,81875,58.125,LH,1.9700,2.88516,0.968666,1.63571,141.453,SN(B),1,Be,W,Be,NONE,-2.39064,-1953820,3.90697,2.77E+19,-,MkII-HD,3731560,3731560,0,-,V5,0,58.16,IC,0
JET,81881,56.055,LH,1.9500,2.88585,0.950316,1.63916,139.247,SN(B),1,Be,W,Be,NONE,-2.38931,-1969260,3.73297,2.14E+19,-,MkII-HD,3618080,3453790,164296,393384,V5,0,56.09,NB,0
JET,81882,56.415,LH,1.9400,2.88548,0.950814,1.63747,139.19,SN(B),1,Be,W,Be,NONE,-2.38948,-1959470,3.75082,3.54E+19,-,MkII-HD,4232300,4107640,124655,-,V5,0,56.45,NB,1
JET,81883,57.035,LH,1.9740,2.88711,0.950791,1.63645,139.191,SN(B),1,Be,W,Be,NONE,-2.38944,-1953790,3.74678,3.08E+19,-,MkII-HD,3652350,3520300,132045,-,V5,0,57.07,NB,1
JET,80908,58.055,LH,1.9900,2.8892,0.933698,1.68042,138.037,SN(B),1,Be,W,Be,NONE,-2.37619,-1957860,3.78994,2.82E+19,-,MkII-HD,3800820,3800820,0,-,HT3R,0,58.09,IC,0
JET,80907,58.065,LH,1.9800,2.88868,0.934812,1.67983,138.191,SN(B),1,Be,W,Be,NONE,-2.3761,-1958480,3.80087,2.66E+19,-,MkII-HD,3729070,3729070,0,-,HT3R,0,58.1,IC,0
JET,80906,58.675,LH,1.9780,2.88614,0.935114,1.68204,138.138,SN(B),1,Be,W,Be,NONE,-2.3761,-1962000,3.80968,2.48E+19,-,MkII-HD,4044680,4044680,0,-,HT3R,0,58.71,IC,0
JET,80906,60.915,LH,2.0060,2.88151,0.935604,1.68073,137.95,SN(B),1,Be,W,Be,NONE,-2.37581,-1958730,3.82585,2.21E+19,-,MkII-HD,4825900,4825900,0,-,HT3R,0,60.95,IC,0
JET,80906,61.625,LH,1.9710,2.87961,0.935191,1.68075,137.724,SN(B),1,Be,W,Be,NONE,-2.37569,-1954210,3.8364,2.35E+19,-,MkII-HD,4797190,4797190,0,-,HT3R,0,61.66,IC,0
JET,80905,56.125,LH,1.9790,2.89502,0.932386,1.66934,137.704,SN(B),1,Be,W,Be,NONE,-2.37664,-1955810,3.74306,2.66E+19,-,MkII-HD,2494680,2494680,0,538650,HT3L,0,56.16,IC,0
JET,80902,60.905,LH,1.9730,2.8919,0.92997,1.67514,137.64,SN(B),1,Be,W,Be,NONE,-2.37614,-1949420,3.76355,2.68E+19,-,MkII-HD,2555150,2555150,0,-,HT3L,0,60.94,IC,0
JET,80903,60.725,LH,1.9920,2.89248,0.93014,1.67443,137.541,SN(B),1,Be,W,Be,NONE,-2.37674,-1946790,3.7675,2.70E+19,-,MkII-HD,2626500,2626500,0,-,HT3L,0,60.76,IC,0
JET,80913,55.915,LH,1.9820,2.89422,0.932033,1.67075,137.817,SN(B),1,Be,W,Be,NONE,-2.37661,-1953580,3.75446,2.70E+19,-,MkII-HD,2379380,2379380,0,-,HT3L,0,55.95,IC,0
JET,80909,59.015,LH,1.9760,2.88175,0.939815,1.67104,137.717,SN(B),1,Be,W,Be,NONE,-2.37645,-1967200,3.79789,2.35E+19,-,MkII-HD,4123790,4123790,0,-,HT3,0,59.05,IC,0
JET,80910,59.085,LH,1.9770,2.88177,0.939236,1.67081,137.635,SN(B),1,Be,W,Be,NONE,-2.37716,-1963450,3.80371,2.65E+19,-,MkII-HD,4203940,4203940,0,-,HT3,0,59.12,IC,0
JET,80910,60.805,LH,1.9730,2.88129,0.937255,1.66856,137.27,SN(B),1,Be,W,Be,NONE,-2.37727,-1966720,3.7802,2.57E+19,-,MkII-HD,4511740,4511740,0,-,HT3,0,60.84,IC,0
JET,87588,52.145,LH,1.9890,2.88251,0.953128,1.63447,139.275,SN(B),1,Be,W,Be,NONE,-2.4368,-1960430,3.84578,2.86E+19,-,MkII-HD,3017040,2875170,141870,-,V5,0,52.18,NB,1
JET,87587,53.897,LH,1.9790,2.88246,0.949311,1.63862,138.924,SN(B),1,Be,W,Be,NONE,-2.43526,-1962910,3.83509,3.31E+19,-,MkII-HD,3763840,3631810,132030,-,V5,0,53.932,NB,1
JET,87539,54.42,LH,1.9660,2.88685,0.948422,1.64059,139.196,SN(B),1,Be,W,Be,NONE,-2.39011,-1960740,3.76527,3.66E+19,-,MkII-HD,4396000,4251950,144051,-,V5,0,54.455,NB,1
JET,85892,52.335,LH,1.9630,2.88348,0.959643,1.62398,139.565,SN(B),1,Be,W,Be,NONE,-2.37622,-1461590,5.02123,2.19E+19,-,MkII-HD,1695040,1695040,0,306304,V5,0,52.37,IC,1
JET,85893,52.402,LH,1.9670,2.88293,0.960891,1.62248,139.748,SN(B),1,Be,W,Be,NONE,-2.42727,-1460400,5.13605,2.29E+19,-,MkII-HD,1690820,1690820,0,372861,V5,0,52.437,IC,1
JET,85894,52.345,LH,1.9700,2.88264,0.960746,1.61966,139.393,SN(B),1,Be,W,Be,NONE,-2.40089,-1458860,5.05921,2.27E+19,-,MkII-HD,1596980,1596980,0,322117,V5,0,52.38,IC,1
JET,85898,53.195,LH,1.9630,2.88329,0.960977,1.62018,139.662,SN(B),1,Be,W,Be,NONE,-2.40036,-1455180,5.0829,2.36E+19,1.39157,MkII-HD,2097630,2097630,0,-,V5,0,53.23,IC,1
JET,85895,53.045,LH,1.9600,2.88477,0.958963,1.62434,139.533,SN(B),1,Be,W,Be,NONE,-2.40108,-1454500,5.0822,2.22E+19,-,MkII-HD,2013340,2013340,0,398753,V5,0,53.08,IC,1
JET,83193,46.954,LH,1.9840,2.87891,0.943303,1.6584,138.801,SN(B),1,Be,W,Be,NONE,-2.40629,-1481600,5.0232,2.59E+19,1.12721,MkII-HD,2534080,2403140,130936,-,V5,0,46.989,NB,1
JET,80912,55.205,LH,1.9710,2.88771,0.952189,1.62087,138.786,SN(B),1,Be,W,Be,NONE,-2.37686,-1952380,3.6975,2.71E+19,-,MkII-HD,1793660,1793660,0,147334,V5L,0,55.24,IC,1
JET,80952,55.275,LH,1.9830,2.87468,0.950597,1.62599,138.133,SN(B),1,Be,W,Be,NONE,-2.38283,-1950760,3.74493,2.74E+19,-,MkII-HD,1709750,1709750,0,142498,V5L,0,55.31,IC,1
JET,80954,56.225,LH,1.9840,2.87344,0.948901,1.62373,137.644,SN(B),1,Be,W,Be,NONE,-2.38221,-1951440,3.72737,3.11E+19,-,MkII-HD,2277500,2277500,0,342448,V5L,0,56.26,IC,1
JET,80955,56.245,LH,1.9700,2.87298,0.948574,1.6253,137.725,SN(B),1,Be,W,Be,NONE,-2.38164,-1953290,3.72786,3.10E+19,-,MkII-HD,2217050,2217050,0,322782,V5L,0,56.28,IC,1
JET,80956,56.735,LH,1.9730,2.87223,0.948545,1.62598,137.7,SN(B),1,Be,W,Be,NONE,-2.38157,-1954980,3.7322,3.24E+19,-,MkII-HD,2499100,2499100,0,387466,V5L,0,56.77,IC,1
JET,81237,58.015,LH,1.9510,2.88734,0.953222,1.621,138.794,SN(B),1,Be,W,Be,NONE,-2.3855,-1959120,3.71534,3.82E+19,-,MkII-HD,3732660,3732660,0,905172,V5L,0,58.05,IC,1
JET,81238,58.735,LH,1.9620,2.88378,0.956904,1.61643,138.837,SN(B),1,Be,W,Be,NONE,-2.38473,-1958430,3.72416,2.15E+19,-,MkII-HD,4342000,4342000,0,1525360,V5L,0,58.77,IC,0
JET,81239,57.565,LH,1.9590,2.88741,0.953018,1.61852,138.695,SN(B),1,Be,W,Be,NONE,-2.38485,-1956270,3.70829,3.67E+19,-,MkII-HD,3495270,3495270,0,814198,V5L,0,57.6,IC,1
JET,81240,57.205,LH,1.9570,2.88825,0.953048,1.61995,138.849,SN(B),1,Be,W,Be,NONE,-2.38506,-1955440,3.71165,3.48E+19,-,MkII-HD,3329180,3329180,0,695962,V5L,0,57.24,IC,1
JET,81884,56.143,LH,1.9630,2.88923,0.949519,1.62198,138.454,SN(B),1,Be,W,Be,NONE,-2.38928,-1955360,3.69095,3.15E+19,-,MkII-HD,2786010,2698250,87764.1,-,V5L,0,56.178,NB,1
JET,81886,56.13,LH,1.9470,2.89287,0.949087,1.62487,138.824,SN(B),1,Be,W,Be,NONE,-2.38917,-1955590,3.69668,3.86E+19,-,MkII-HD,4081630,3966160,115467,320228,V5L,0,56.165,NB,1
JET,84726,56.975,LH,1.9840,2.90777,0.910405,1.68723,137.632,SN(B),1,Be,W,Be,NONE,-2.37895,-1960250,3.45708,2.53E+19,1.07232,MkII-HD,4820230,4601570,218655,451277,VT,0,57.01,NB,1
JET,84727,57.695,LH,1.9710,2.90847,0.90876,1.68908,137.523,SN(B),1,Be,W,Be,NONE,-2.37809,-1959980,3.45472,3.03E+19,1.07035,MkII-HD,5899660,5657030,242627,428032,VT,0,57.73,NB,1
JET,84728,56.075,LH,1.9860,2.9032,0.913404,1.6807,137.456,SN(B),1,Be,W,Be,NONE,-2.37796,-1962420,3.45127,1.99E+19,1.17224,MkII-HD,3792280,3622500,169777,389277,VT,0,56.11,NB,0
JET,84729,58.075,LH,1.9900,2.89483,0.917879,1.66882,136.923,SN(B),1,Be,W,Be,NONE,-2.37612,-1958390,3.45658,1.43E+19,1.52731,MkII-HD,3859210,3639700,219515,644233,VT,0,58.11,NB,0
JET,84730,58.175,LH,1.9790,2.91041,0.907723,1.69251,137.581,SN(B),1,Be,W,Be,NONE,-2.37595,-1961170,3.45045,2.77E+19,1.05354,MkII-HD,5539350,5323160,216195,517093,VT,0,58.21,NB,1
JET,84731,56.875,LH,1.9780,2.90726,0.910867,1.68672,137.646,SN(B),1,Be,W,Be,NONE,-2.37739,-1962140,3.45225,2.31E+19,1.11094,MkII-HD,4339300,4183160,156141,434247,VT,0,56.91,NB,1
JET,84732,57.125,LH,1.9830,2.90696,0.910457,1.68538,137.441,SN(B),1,Be,W,Be,NONE,-2.37744,-1961130,3.44773,2.56E+19,1.0896,MkII-HD,4999320,4807830,191489,445519,VT,0,57.16,NB,1
JET,84733,57.135,LH,1.9880,2.90619,0.910706,1.68433,137.394,SN(B),1,Be,W,Be,NONE,-2.37704,-1961420,3.44538,2.55E+19,1.10759,MkII-HD,5020190,4828380,191804,453358,VT,0,57.17,NB,1
JET,84734,57.205,LH,1.9980,2.90865,0.9091,1.68787,137.522,SN(B),1,Be,W,Be,NONE,-2.37737,-1960590,3.44556,2.58E+19,1.10022,MkII-HD,5107230,4895940,211292,478924,VT,0,57.24,NB,1
JET,84735,57.465,LH,1.9890,2.90907,0.908209,1.68989,137.519,SN(B),1,Be,W,Be,NONE,-2.37671,-1963100,3.44583,2.73E+19,-,MkII-HD,5497570,5289040,208528,452096,VT,0,57.5,NB,1
JET,82221,55.725,LH,1.9430,2.88768,0.950336,1.63719,139.246,SN(B),1,Be,W,Be,NONE,-1.80532,-1649320,3.34292,2.19E+19,-,MkII-HD,2032190,2032190,0,423261,V5,0,55.76,IC,0
JET,82222,57.585,LH,1.9610,2.88323,0.952524,1.6304,138.875,SN(B),1,Be,W,Be,NONE,-1.80679,-1649650,3.34777,1.90E+19,-,MkII-HD,3146720,3146720,0,1250330,V5,0,57.62,IC,0
JET,82223,58.965,LH,1.9750,2.87417,0.960407,1.62234,139.028,SN(B),1,Be,W,Be,NONE,-1.80772,-1652120,3.39767,1.73E+19,-,MkII-HD,4348960,4348960,0,2301540,V5,0,59,IC,0
JET,82225,54.085,LH,1.9780,2.88337,0.954345,1.63469,139.374,SN(B),1,Be,W,Be,NONE,-1.80598,-1649980,3.36855,2.21E+19,-,MkII-HD,1804880,1736530,68350.1,119384,V5,0,54.12,NB,1
JET,82226,54.135,LH,1.9720,2.88414,0.95356,1.63518,139.345,SN(B),1,Be,W,Be,NONE,-1.80601,-1651960,3.35769,2.22E+19,-,MkII-HD,1791350,1723570,67783.9,153527,V5,0,54.17,NB,1
JET,82227,54.495,LH,1.9810,2.88227,0.955805,1.63205,139.372,SN(B),1,Be,W,Be,NONE,-1.80438,-1668410,3.32758,1.70E+19,-,MkII-HD,2111310,1960550,150755,210923,V5,0,54.53,NB,0
JET,82228,54.765,LH,1.9590,2.87886,0.948075,1.6445,138.773,SN(B),1,Be,W,Be,NONE,-1.80374,-1665990,3.34815,3.06E+19,-,MkII-HD,2645870,2552690,93176.3,218750,V5,0,54.8,NB,1
JET,82230,54.715,LH,1.9700,2.87906,0.949935,1.6417,138.907,SN(B),1,Be,W,Be,NONE,-1.80334,-1668150,3.34325,2.87E+19,-,MkII-HD,2538850,2468260,70593.2,214834,V5,0,54.75,NB,1
JET,82231,57.095,LH,1.9720,2.88667,0.950639,1.6411,139.423,SN(B),1,Be,W,Be,NONE,-1.80599,-1654520,3.37143,3.07E+19,-,MkII-HD,2390510,2390510,0,504007,V5,0,57.13,IC,1
JET,83157,53.815,LH,1.9720,2.88936,0.928461,1.68223,137.464,SN(B),1,Be,W,Be,NONE,-2.97606,-2470630,3.71799,3.30E+19,1.18846,MkII-HD,4640980,4559880,81107.3,434546,HT3R,0,53.85,NB,1
JET,83158,54.165,LH,1.9790,2.89223,0.924404,1.68578,137.345,SN(B),1,Be,W,Be,NONE,-2.97667,-2715140,3.36799,3.44E+19,1.10106,MkII-HD,5540130,5452000,88132,476156,HT3R,0,54.2,NB,1
JET,83160,54.665,LH,1.9720,2.89198,0.925206,1.68724,137.392,SN(B),1,Be,W,Be,NONE,-2.97529,-2716620,3.37939,4.18E+19,1.09201,MkII-HD,5990840,5897460,93387,446108,HT3R,0,54.7,NB,1
JET,83163,54.165,LH,1.9910,2.89064,0.926219,1.68593,137.474,SN(B),1,Be,W,Be,NONE,-2.97753,-2721300,3.37763,2.72E+19,1.14818,MkII-HD,5157820,5032210,125604,583488,HT3R,0,54.2,NB,0
JET,83164,55.542,LH,1.9970,2.88623,0.929162,1.68088,137.398,SN(B),1,Be,W,Be,NONE,-2.97617,-2722560,3.38996,2.32E+19,1.57879,MkII-HD,6517020,6360090,156936,1762350,HT3R,0,55.577,NB,0
JET,86465,54.965,LH,1.9560,2.90083,0.910449,1.68522,137.138,SN(B),1,Be,W,Be,NONE,-2.94879,-2459720,3.41476,2.04E+19,1.34128,MkII-HD,5299650,5102380,197263,-,VT,0,55,NB,0
JET,86466,59.923,LH,1.9870,2.89377,0.913971,1.67573,136.642,SN(B),1,Be,W,Be,NONE,-2.94405,-2456480,3.42826,1.99E+19,1.87757,MkII-HD,6578670,6421170,157502,1653290,VT,0,59.958,NBIC,0
JET,86467,55.384,LH,1.9530,2.89313,0.915357,1.67494,136.942,SN(B),1,Be,W,Be,NONE,-2.94756,-2461060,3.42388,1.56E+19,-,MkII-HD,5352870,5134670,218202,1024950,VT,0,55.419,NB,0
JET,86469,55.585,LH,1.9720,2.90869,0.904553,1.6958,137.331,SN(B),1,Be,W,Be,NONE,-2.94682,-2460870,3.39858,3.10E+19,1.12948,MkII-HD,7705770,7514820,190950,1030720,VT,0,55.62,NB,1
JET,86470,53.835,LH,1.9600,2.90564,0.90738,1.69047,137.281,SN(B),1,Be,W,Be,NONE,-2.95023,-2460540,3.40097,2.56E+19,1.12347,MkII-HD,5594850,5411850,182997,849863,VT,0,53.87,NB,1
JET,86471,60.245,LH,1.9600,2.90597,0.908218,1.69316,137.218,SN(B),1,Be,W,Be,NONE,-2.94282,-2474720,3.3899,2.78E+19,1.28003,MkII-HD,7354580,7180120,174453,1116090,VT,0,60.28,NB,1
JET,90484,53.385,LH,1.9460,2.9008,0.931695,1.66767,138.599,SN(B),1,Be,W,Be,NONE,-2.95115,-2462280,3.57516,3.25E+19,1.59695,MkII-HD,7374080,7179490,194595,1065830,CORNER,0,53.42,NB,1
JET,90485,53.965,LH,1.9570,2.89563,0.935121,1.66139,138.455,SN(B),1,Be,W,Be,NONE,-2.94906,-2469700,3.57955,1.61E+19,3.02768,MkII-HD,7069490,6803940,265546,-,CORNER,0,54,NB,0
JET,90486,53.215,LH,1.9580,2.90053,0.931665,1.66995,138.715,SN(B),1,Be,W,Be,NONE,-2.94979,-2467450,3.57588,2.18E+19,2.05637,MkII-HD,6851770,6646530,205242,-,CORNER,0,53.25,NB,0
JET,90488,54.245,LH,1.9500,2.90062,0.931586,1.6683,138.659,SN(B),1,Be,W,Be,NONE,-2.94758,-2462930,3.57376,2.41E+19,2.01716,MkII-HD,7964140,7712580,251563,1741620,CORNER,0,54.28,NB,0
JET,90491,51.675,LH,1.9650,2.89928,0.932696,1.66596,138.637,SN(B),1,Be,W,Be,NONE,-2.92867,-2464280,3.54666,2.85E+19,1.69008,MkII-HD,6287770,6137830,149944,937018,CORNER,0,51.71,NB,1
JET,90492,53.215,LH,1.9220,2.90035,0.933129,1.66917,138.893,SN(B),1,Be,W,Be,NONE,-2.94982,-2466400,3.58791,3.65E+19,1.59706,MkII-HD,8076010,7877740,198266,1000770,CORNER,0,53.25,NB,1
JET,90495,52.285,LH,1.9250,2.90812,0.923407,1.6835,138.67,SN(B),1,Be,W,Be,NONE,-2.93182,-3154820,2.74839,3.28E+19,1.60012,MkII-HD,7458200,7333480,124721,1423000,CORNER,0,52.32,NB,1
JET,90497,50.895,LH,1.9540,2.90339,0.927913,1.67578,138.729,SN(B),1,Be,W,Be,NONE,-2.92746,-3164710,2.74676,2.18E+19,1.71499,MkII-HD,5209940,5103510,106425,855356,CORNER,0,50.93,NB,0
JET,90498,51.065,LH,1.9950,2.90464,0.92718,1.67767,138.781,SN(B),1,Be,W,Be,NONE,-2.92797,-3161800,2.74849,2.33E+19,1.68551,MkII-HD,5618900,5504880,114028,1071370,CORNER,0,51.1,NB,0
JET,90525,53.435,LH,1.9150,2.89878,0.936466,1.65834,138.417,SN(B),1,Be,W,Be,NONE,-2.952,-2168050,4.02279,3.22E+19,1.60895,MkII-HD,7646830,7396000,250826,990305,CORNER,0,53.47,NB,1
JET,90526,55.335,LH,1.9040,2.90478,0.929142,1.67547,138.572,SN(B),1,Be,W,Be,NONE,-2.94335,-2806420,3.09546,3.26E+19,1.7015,MkII-HD,9274390,9086340,188050,1861340,CORNER,0,55.37,NB,1
JET,90527,50.995,LH,1.9620,2.90009,0.93378,1.66731,138.51,SN(B),1,Be,W,Be,NONE,-2.92706,-2812100,3.07006,2.06E+19,1.83443,MkII-HD,5306540,5172080,134462,998469,CORNER,0,51.03,NB,0
JET,90528,55.165,LH,1.9160,2.90144,0.933319,1.66831,138.53,SN(B),1,Be,W,Be,NONE,-3.31544,-2467660,3.98475,3.37E+19,1.63081,MkII-HD,9222980,8965160,257820,1581660,CORNER,0,55.2,NB,1
JET,90737,54.565,LH,1.9400,2.90133,0.934255,1.66599,138.482,SN(B),1,Be,W,Be,NONE,-3.31679,-2470040,3.97728,2.16E+19,2.40033,MkII-HD,7977900,7676990,300914,-,CORNER,0,54.6,NB,0
JET,90738,54.465,LH,1.9610,2.8984,0.93764,1.65848,138.704,SN(B),1,Be,W,Be,NONE,-3.31643,-2463180,3.97597,2.03E+19,2.31991,MkII-HD,7011000,6755910,255093,1077560,CORNER,0,54.5,NB,0
JET,90742,52.165,LH,1.9830,2.90093,0.933565,1.66813,138.673,SN(B),1,Be,W,Be,NONE,-3.31896,-3162140,3.09386,2.19E+19,2.1217,MkII-HD,6654120,6510500,143613,1338700,CORNER,0,52.2,NB,0
